[2026-04-19 02:34:18] production.ERROR: The D:\Kuliah\PDC 2\website3\aquamonitor\aquamonitor\backend\bootstrap\cache directory must be present and writable. {"exception":"[object] (Exception(code: 0): The D:\\Kuliah\\PDC 2\\website3\\aquamonitor\\aquamonitor\\backend\\bootstrap\\cache directory must be present and writable. at D:/Kuliah/PDC 2/website3/aquamonitor/aquamonitor/backend/vendor/laravel/framework/src/Illuminate/Foundation/PackageManifest.php:179)
[stacktrace]
#0 D:/Kuliah/PDC 2/website3/aquamonitor/aquamonitor/backend/vendor/laravel/framework/src/Illuminate/Foundation/PackageManifest.php(132): Illuminate/Foundation/PackageManifest->write(Array)
#1 D:/Kuliah/PDC 2/website3/aquamonitor/aquamonitor/backend/vendor/laravel/framework/src/Illuminate/Foundation/PackageManifest.php(108): Illuminate/Foundation/PackageManifest->build()
#2 D:/Kuliah/PDC 2/website3/aquamonitor/aquamonitor/backend/vendor/laravel/framework/src/Illuminate/Foundation/PackageManifest.php(91): Illuminate/Foundation/PackageManifest->getManifest()
#3 D:/Kuliah/PDC 2/website3/aquamonitor/aquamonitor/backend/vendor/laravel/framework/src/Illuminate/Foundation/PackageManifest.php(80): Illuminate/Foundation/PackageManifest->config('aliases')
#4 D:/Kuliah/PDC 2/website3/aquamonitor/aquamonitor/backend/vendor/laravel/framework/src/Illuminate/Foundation/Bootstrap/RegisterFacades.php(26): Illuminate/Foundation/PackageManifest->aliases()
#5 D:/Kuliah/PDC 2/website3/aquamonitor/aquamonitor/backend/vendor/laravel/framework/src/Illuminate/Foundation/Application.php(342): Illuminate/Foundation/Bootstrap/RegisterFacades->bootstrap(Object(Illuminate/Foundation/Application))
#6 D:/Kuliah/PDC 2/website3/aquamonitor/aquamonitor/backend/vendor/laravel/framework/src/Illuminate/Foundation/Console/Kernel.php(474): Illuminate/Foundation/Application->bootstrapWith(Array)
#7 D:/Kuliah/PDC 2/website3/aquamonitor/aquamonitor/backend/vendor/laravel/framework/src/Illuminate/Foundation/Console/Kernel.php(196): Illuminate/Foundation/Console/Kernel->bootstrap()
#8 D:/Kuliah/PDC 2/website3/aquamonitor/aquamonitor/backend/vendor/laravel/framework/src/Illuminate/Foundation/Application.php(1235): Illuminate/Foundation/Console/Kernel->handle(Object(Symfony/Component/Console/Input/ArgvInput), Object(Symfony/Component/Console/Output/ConsoleOutput))
#9 D:/Kuliah/PDC 2/website3/aquamonitor/aquamonitor/backend/artisan(9): Illuminate/Foundation/Application->handleCommand(Object(Symfony/Component/Console/Input/ArgvInput))
#10 {main}
"} 
[2026-04-19 02:38:56] local.ERROR: The provided cwd "D:\Kuliah\PDC 2\website3\aquamonitor\aquamonitor\backend\public" does not exist. {"exception":"[object] (Symfony\\Component\\Process\\Exception\\RuntimeException(code: 0): The provided cwd \"D:\\Kuliah\\PDC 2\\website3\\aquamonitor\\aquamonitor\\backend\\public\" does not exist. at D:/Kuliah/PDC 2/website3/aquamonitor/aquamonitor/backend/vendor/symfony/process/Process.php:367)
[stacktrace]
#0 D:/Kuliah/PDC 2/website3/aquamonitor/aquamonitor/backend/vendor/laravel/framework/src/Illuminate/Foundation/Console/ServeCommand.php(190): Symfony/Component/Process/Process->start(Object(Closure))
#1 D:/Kuliah/PDC 2/website3/aquamonitor/aquamonitor/backend/vendor/laravel/framework/src/Illuminate/Foundation/Console/ServeCommand.php(129): Illuminate/Foundation/Console/ServeCommand->startProcess(true)
#2 D:/Kuliah/PDC 2/website3/aquamonitor/aquamonitor/backend/vendor/laravel/framework/src/Illuminate/Container/BoundMethod.php(36): Illuminate/Foundation/Console/ServeCommand->handle()
#3 D:/Kuliah/PDC 2/website3/aquamonitor/aquamonitor/backend/vendor/laravel/framework/src/Illuminate/Container/Util.php(43): Illuminate/Container/BoundMethod::Illuminate/Container/{closure}()
#4 D:/Kuliah/PDC 2/website3/aquamonitor/aquamonitor/backend/vendor/laravel/framework/src/Illuminate/Container/BoundMethod.php(95): Illuminate/Container/Util::unwrapIfClosure(Object(Closure))
#5 D:/Kuliah/PDC 2/website3/aquamonitor/aquamonitor/backend/vendor/laravel/framework/src/Illuminate/Container/BoundMethod.php(35): Illuminate/Container/BoundMethod::callBoundMethod(Object(Illuminate/Foundation/Application), Array, Object(Closure))
#6 D:/Kuliah/PDC 2/website3/aquamonitor/aquamonitor/backend/vendor/laravel/framework/src/Illuminate/Container/Container.php(696): Illuminate/Container/BoundMethod::call(Object(Illuminate/Foundation/Application), Array, Array, NULL)
#7 D:/Kuliah/PDC 2/website3/aquamonitor/aquamonitor/backend/vendor/laravel/framework/src/Illuminate/Console/Command.php(213): Illuminate/Container/Container->call(Array)
#8 D:/Kuliah/PDC 2/website3/aquamonitor/aquamonitor/backend/vendor/symfony/console/Command/Command.php(341): Illuminate/Console/Command->execute(Object(Symfony/Component/Console/Input/ArgvInput), Object(Illuminate/Console/OutputStyle))
#9 D:/Kuliah/PDC 2/website3/aquamonitor/aquamonitor/backend/vendor/laravel/framework/src/Illuminate/Console/Command.php(182): Symfony/Component/Console/Command/Command->run(Object(Symfony/Component/Console/Input/ArgvInput), Object(Illuminate/Console/OutputStyle))
#10 D:/Kuliah/PDC 2/website3/aquamonitor/aquamonitor/backend/vendor/symfony/console/Application.php(1117): Illuminate/Console/Command->run(Object(Symfony/Component/Console/Input/ArgvInput), Object(Symfony/Component/Console/Output/ConsoleOutput))
#11 D:/Kuliah/PDC 2/website3/aquamonitor/aquamonitor/backend/vendor/symfony/console/Application.php(356): Symfony/Component/Console/Application->doRunCommand(Object(Illuminate/Foundation/Console/ServeCommand), Object(Symfony/Component/Console/Input/ArgvInput), Object(Symfony/Component/Console/Output/ConsoleOutput))
#12 D:/Kuliah/PDC 2/website3/aquamonitor/aquamonitor/backend/vendor/symfony/console/Application.php(195): Symfony/Component/Console/Application->doRun(Object(Symfony/Component/Console/Input/ArgvInput), Object(Symfony/Component/Console/Output/ConsoleOutput))
#13 D:/Kuliah/PDC 2/website3/aquamonitor/aquamonitor/backend/vendor/laravel/framework/src/Illuminate/Foundation/Console/Kernel.php(198): Symfony/Component/Console/Application->run(Object(Symfony/Component/Console/Input/ArgvInput), Object(Symfony/Component/Console/Output/ConsoleOutput))
#14 D:/Kuliah/PDC 2/website3/aquamonitor/aquamonitor/backend/vendor/laravel/framework/src/Illuminate/Foundation/Application.php(1235): Illuminate/Foundation/Console/Kernel->handle(Object(Symfony/Component/Console/Input/ArgvInput), Object(Symfony/Component/Console/Output/ConsoleOutput))
#15 D:/Kuliah/PDC 2/website3/aquamonitor/aquamonitor/backend/artisan(9): Illuminate/Foundation/Application->handleCommand(Object(Symfony/Component/Console/Input/ArgvInput))
#16 {main}
"} 
[2026-04-19 02:42:43] local.ERROR: Please provide a valid cache path. {"exception":"[object] (InvalidArgumentException(code: 0): Please provide a valid cache path. at D:/Kuliah/PDC 2/website3/aquamonitor/aquamonitor/backend/vendor/laravel/framework/src/Illuminate/View/Compilers/Compiler.php:67)
[stacktrace]
#0 D:/Kuliah/PDC 2/website3/aquamonitor/aquamonitor/backend/vendor/laravel/framework/src/Illuminate/View/ViewServiceProvider.php(97): Illuminate/View/Compilers/Compiler->__construct(Object(Illuminate/Filesystem/Filesystem), false, '', true, 'php')
#1 D:/Kuliah/PDC 2/website3/aquamonitor/aquamonitor/backend/vendor/laravel/framework/src/Illuminate/Container/Container.php(952): Illuminate/View/ViewServiceProvider->Illuminate/View/{closure}(Object(Illuminate/Foundation/Application), Array)
#2 D:/Kuliah/PDC 2/website3/aquamonitor/aquamonitor/backend/vendor/laravel/framework/src/Illuminate/Container/Container.php(832): Illuminate/Container/Container->build(Object(Closure))
#3 D:/Kuliah/PDC 2/website3/aquamonitor/aquamonitor/backend/vendor/laravel/framework/src/Illuminate/Foundation/Application.php(1078): Illuminate/Container/Container->resolve('blade.compiler', Array, true)
#4 D:/Kuliah/PDC 2/website3/aquamonitor/aquamonitor/backend/vendor/laravel/framework/src/Illuminate/Container/Container.php(763): Illuminate/Foundation/Application->resolve('blade.compiler', Array)
#5 D:/Kuliah/PDC 2/website3/aquamonitor/aquamonitor/backend/vendor/laravel/framework/src/Illuminate/Foundation/Application.php(1058): Illuminate/Container/Container->make('blade.compiler', Array)
#6 D:/Kuliah/PDC 2/website3/aquamonitor/aquamonitor/backend/vendor/laravel/framework/src/Illuminate/View/ViewServiceProvider.php(168): Illuminate/Foundation/Application->make('blade.compiler')
#7 [internal function]: Illuminate/View/ViewServiceProvider->Illuminate/View/{closure}()
#8 D:/Kuliah/PDC 2/website3/aquamonitor/aquamonitor/backend/vendor/laravel/framework/src/Illuminate/View/Engines/EngineResolver.php(55): call_user_func(Object(Closure))
#9 D:/Kuliah/PDC 2/website3/aquamonitor/aquamonitor/backend/vendor/laravel/framework/src/Illuminate/View/Factory.php(326): Illuminate/View/Engines/EngineResolver->resolve('blade')
#10 D:/Kuliah/PDC 2/website3/aquamonitor/aquamonitor/backend/vendor/laravel/framework/src/Illuminate/View/Factory.php(288): Illuminate/View/Factory->getEngineFromPath('D://Kuliah//PDC 2...')
#11 D:/Kuliah/PDC 2/website3/aquamonitor/aquamonitor/backend/vendor/laravel/framework/src/Illuminate/View/Factory.php(160): Illuminate/View/Factory->viewInstance('errors::404', 'D://Kuliah//PDC 2...', Array)
#12 D:/Kuliah/PDC 2/website3/aquamonitor/aquamonitor/backend/vendor/laravel/framework/src/Illuminate/Routing/ResponseFactory.php(90): Illuminate/View/Factory->make('errors::404', Array)
#13 D:/Kuliah/PDC 2/website3/aquamonitor/aquamonitor/backend/vendor/laravel/framework/src/Illuminate/Foundation/Exceptions/Handler.php(894): Illuminate/Routing/ResponseFactory->view('errors::404', Array, 404, Array)
#14 D:/Kuliah/PDC 2/website3/aquamonitor/aquamonitor/backend/vendor/laravel/framework/src/Illuminate/Foundation/Exceptions/Handler.php(815): Illuminate/Foundation/Exceptions/Handler->renderHttpException(Object(Symfony/Component/HttpKernel/Exception/NotFoundHttpException))
#15 D:/Kuliah/PDC 2/website3/aquamonitor/aquamonitor/backend/vendor/laravel/framework/src/Illuminate/Foundation/Exceptions/Handler.php(706): Illuminate/Foundation/Exceptions/Handler->prepareResponse(Object(Illuminate/Http/Request), Object(Symfony/Component/HttpKernel/Exception/NotFoundHttpException))
#16 D:/Kuliah/PDC 2/website3/aquamonitor/aquamonitor/backend/vendor/laravel/framework/src/Illuminate/Foundation/Exceptions/Handler.php(594): Illuminate/Foundation/Exceptions/Handler->renderExceptionResponse(Object(Illuminate/Http/Request), Object(Symfony/Component/HttpKernel/Exception/NotFoundHttpException))
#17 D:/Kuliah/PDC 2/website3/aquamonitor/aquamonitor/backend/vendor/laravel/framework/src/Illuminate/Routing/Pipeline.php(51): Illuminate/Foundation/Exceptions/Handler->render(Object(Illuminate/Http/Request), Object(Symfony/Component/HttpKernel/Exception/NotFoundHttpException))
#18 D:/Kuliah/PDC 2/website3/aquamonitor/aquamonitor/backend/vendor/laravel/framework/src/Illuminate/Pipeline/Pipeline.php(172): Illuminate/Routing/Pipeline->handleException(Object(Illuminate/Http/Request), Object(Symfony/Component/HttpKernel/Exception/NotFoundHttpException))
#19 D:/Kuliah/PDC 2/website3/aquamonitor/aquamonitor/backend/vendor/laravel/framework/src/Illuminate/Foundation/Http/Middleware/TransformsRequest.php(21): Illuminate/Pipeline/Pipeline->Illuminate/Pipeline/{closure}(Object(Illuminate/Http/Request))
#20 D:/Kuliah/PDC 2/website3/aquamonitor/aquamonitor/backend/vendor/laravel/framework/src/Illuminate/Foundation/Http/Middleware/ConvertEmptyStringsToNull.php(31): Illuminate/Foundation/Http/Middleware/TransformsRequest->handle(Object(Illuminate/Http/Request), Object(Closure))
#21 D:/Kuliah/PDC 2/website3/aquamonitor/aquamonitor/backend/vendor/laravel/framework/src/Illuminate/Pipeline/Pipeline.php(209): Illuminate/Foundation/Http/Middleware/ConvertEmptyStringsToNull->handle(Object(Illuminate/Http/Request), Object(Closure))
#22 D:/Kuliah/PDC 2/website3/aquamonitor/aquamonitor/backend/vendor/laravel/framework/src/Illuminate/Foundation/Http/Middleware/TransformsRequest.php(21): Illuminate/Pipeline/Pipeline->Illuminate/Pipeline/{closure}(Object(Illuminate/Http/Request))
#23 D:/Kuliah/PDC 2/website3/aquamonitor/aquamonitor/backend/vendor/laravel/framework/src/Illuminate/Foundation/Http/Middleware/TrimStrings.php(51): Illuminate/Foundation/Http/Middleware/TransformsRequest->handle(Object(Illuminate/Http/Request), Object(Closure))
#24 D:/Kuliah/PDC 2/website3/aquamonitor/aquamonitor/backend/vendor/laravel/framework/src/Illuminate/Pipeline/Pipeline.php(209): Illuminate/Foundation/Http/Middleware/TrimStrings->handle(Object(Illuminate/Http/Request), Object(Closure))
#25 D:/Kuliah/PDC 2/website3/aquamonitor/aquamonitor/backend/vendor/laravel/framework/src/Illuminate/Http/Middleware/ValidatePostSize.php(27): Illuminate/Pipeline/Pipeline->Illuminate/Pipeline/{closure}(Object(Illuminate/Http/Request))
#26 D:/Kuliah/PDC 2/website3/aquamonitor/aquamonitor/backend/vendor/laravel/framework/src/Illuminate/Pipeline/Pipeline.php(209): Illuminate/Http/Middleware/ValidatePostSize->handle(Object(Illuminate/Http/Request), Object(Closure))
#27 D:/Kuliah/PDC 2/website3/aquamonitor/aquamonitor/backend/vendor/laravel/framework/src/Illuminate/Foundation/Http/Middleware/PreventRequestsDuringMaintenance.php(110): Illuminate/Pipeline/Pipeline->Illuminate/Pipeline/{closure}(Object(Illuminate/Http/Request))
#28 D:/Kuliah/PDC 2/website3/aquamonitor/aquamonitor/backend/vendor/laravel/framework/src/Illuminate/Pipeline/Pipeline.php(209): Illuminate/Foundation/Http/Middleware/PreventRequestsDuringMaintenance->handle(Object(Illuminate/Http/Request), Object(Closure))
#29 D:/Kuliah/PDC 2/website3/aquamonitor/aquamonitor/backend/vendor/laravel/framework/src/Illuminate/Http/Middleware/HandleCors.php(49): Illuminate/Pipeline/Pipeline->Illuminate/Pipeline/{closure}(Object(Illuminate/Http/Request))
#30 D:/Kuliah/PDC 2/website3/aquamonitor/aquamonitor/backend/vendor/laravel/framework/src/Illuminate/Pipeline/Pipeline.php(209): Illuminate/Http/Middleware/HandleCors->handle(Object(Illuminate/Http/Request), Object(Closure))
#31 D:/Kuliah/PDC 2/website3/aquamonitor/aquamonitor/backend/vendor/laravel/framework/src/Illuminate/Http/Middleware/TrustProxies.php(58): Illuminate/Pipeline/Pipeline->Illuminate/Pipeline/{closure}(Object(Illuminate/Http/Request))
#32 D:/Kuliah/PDC 2/website3/aquamonitor/aquamonitor/backend/vendor/laravel/framework/src/Illuminate/Pipeline/Pipeline.php(209): Illuminate/Http/Middleware/TrustProxies->handle(Object(Illuminate/Http/Request), Object(Closure))
#33 D:/Kuliah/PDC 2/website3/aquamonitor/aquamonitor/backend/vendor/laravel/framework/src/Illuminate/Foundation/Http/Middleware/InvokeDeferredCallbacks.php(22): Illuminate/Pipeline/Pipeline->Illuminate/Pipeline/{closure}(Object(Illuminate/Http/Request))
#34 D:/Kuliah/PDC 2/website3/aquamonitor/aquamonitor/backend/vendor/laravel/framework/src/Illuminate/Pipeline/Pipeline.php(209): Illuminate/Foundation/Http/Middleware/InvokeDeferredCallbacks->handle(Object(Illuminate/Http/Request), Object(Closure))
#35 D:/Kuliah/PDC 2/website3/aquamonitor/aquamonitor/backend/vendor/laravel/framework/src/Illuminate/Pipeline/Pipeline.php(127): Illuminate/Pipeline/Pipeline->Illuminate/Pipeline/{closure}(Object(Illuminate/Http/Request))
#36 D:/Kuliah/PDC 2/website3/aquamonitor/aquamonitor/backend/vendor/laravel/framework/src/Illuminate/Foundation/Http/Kernel.php(176): Illuminate/Pipeline/Pipeline->then(Object(Closure))
#37 D:/Kuliah/PDC 2/website3/aquamonitor/aquamonitor/backend/vendor/laravel/framework/src/Illuminate/Foundation/Http/Kernel.php(145): Illuminate/Foundation/Http/Kernel->sendRequestThroughRouter(Object(Illuminate/Http/Request))
#38 D:/Kuliah/PDC 2/website3/aquamonitor/aquamonitor/backend/public/index.php(13): Illuminate/Foundation/Http/Kernel->handle(Object(Illuminate/Http/Request))
#39 D:/Kuliah/PDC 2/website3/aquamonitor/aquamonitor/backend/vendor/laravel/framework/src/Illuminate/Foundation/resources/server.php(23): require_once('D://Kuliah//PDC 2...')
#40 {main}
"} 
[2026-04-19 02:46:22] local.ERROR: Class "App\Http\Controllers\Controller" not found {"exception":"[object] (Error(code: 0): Class \"App\\Http\\Controllers\\Controller\" not found at D:/Kuliah/PDC 2/website3/aquamonitor/aquamonitor/backend/app/Http/Controllers/AuthController.php:12)
[stacktrace]
#0 D:/Kuliah/PDC 2/website3/aquamonitor/aquamonitor/backend/vendor/composer/ClassLoader.php(576): include()
#1 D:/Kuliah/PDC 2/website3/aquamonitor/aquamonitor/backend/vendor/composer/ClassLoader.php(427): Composer/Autoload/{closure}('D://Kuliah//PDC 2...')
#2 [internal function]: Composer/Autoload/ClassLoader->loadClass('App//Http//Contro...')
#3 D:/Kuliah/PDC 2/website3/aquamonitor/aquamonitor/backend/vendor/laravel/framework/src/Illuminate/Routing/Route.php(1117): is_a('App//Http//Contro...', 'Illuminate//Rout...', true)
#4 D:/Kuliah/PDC 2/website3/aquamonitor/aquamonitor/backend/vendor/laravel/framework/src/Illuminate/Routing/Route.php(1054): Illuminate/Routing/Route->controllerMiddleware()
#5 D:/Kuliah/PDC 2/website3/aquamonitor/aquamonitor/backend/vendor/laravel/framework/src/Illuminate/Routing/Router.php(820): Illuminate/Routing/Route->gatherMiddleware()
#6 D:/Kuliah/PDC 2/website3/aquamonitor/aquamonitor/backend/vendor/laravel/framework/src/Illuminate/Routing/Router.php(802): Illuminate/Routing/Router->gatherRouteMiddleware(Object(Illuminate/Routing/Route))
#7 D:/Kuliah/PDC 2/website3/aquamonitor/aquamonitor/backend/vendor/laravel/framework/src/Illuminate/Routing/Router.php(786): Illuminate/Routing/Router->runRouteWithinStack(Object(Illuminate/Routing/Route), Object(Illuminate/Http/Request))
#8 D:/Kuliah/PDC 2/website3/aquamonitor/aquamonitor/backend/vendor/laravel/framework/src/Illuminate/Routing/Router.php(750): Illuminate/Routing/Router->runRoute(Object(Illuminate/Http/Request), Object(Illuminate/Routing/Route))
#9 D:/Kuliah/PDC 2/website3/aquamonitor/aquamonitor/backend/vendor/laravel/framework/src/Illuminate/Routing/Router.php(739): Illuminate/Routing/Router->dispatchToRoute(Object(Illuminate/Http/Request))
#10 D:/Kuliah/PDC 2/website3/aquamonitor/aquamonitor/backend/vendor/laravel/framework/src/Illuminate/Foundation/Http/Kernel.php(201): Illuminate/Routing/Router->dispatch(Object(Illuminate/Http/Request))
#11 D:/Kuliah/PDC 2/website3/aquamonitor/aquamonitor/backend/vendor/laravel/framework/src/Illuminate/Pipeline/Pipeline.php(170): Illuminate/Foundation/Http/Kernel->Illuminate/Foundation/Http/{closure}(Object(Illuminate/Http/Request))
#12 D:/Kuliah/PDC 2/website3/aquamonitor/aquamonitor/backend/vendor/laravel/framework/src/Illuminate/Foundation/Http/Middleware/TransformsRequest.php(21): Illuminate/Pipeline/Pipeline->Illuminate/Pipeline/{closure}(Object(Illuminate/Http/Request))
#13 D:/Kuliah/PDC 2/website3/aquamonitor/aquamonitor/backend/vendor/laravel/framework/src/Illuminate/Foundation/Http/Middleware/ConvertEmptyStringsToNull.php(31): Illuminate/Foundation/Http/Middleware/TransformsRequest->handle(Object(Illuminate/Http/Request), Object(Closure))
#14 D:/Kuliah/PDC 2/website3/aquamonitor/aquamonitor/backend/vendor/laravel/framework/src/Illuminate/Pipeline/Pipeline.php(209): Illuminate/Foundation/Http/Middleware/ConvertEmptyStringsToNull->handle(Object(Illuminate/Http/Request), Object(Closure))
#15 D:/Kuliah/PDC 2/website3/aquamonitor/aquamonitor/backend/vendor/laravel/framework/src/Illuminate/Foundation/Http/Middleware/TransformsRequest.php(21): Illuminate/Pipeline/Pipeline->Illuminate/Pipeline/{closure}(Object(Illuminate/Http/Request))
#16 D:/Kuliah/PDC 2/website3/aquamonitor/aquamonitor/backend/vendor/laravel/framework/src/Illuminate/Foundation/Http/Middleware/TrimStrings.php(51): Illuminate/Foundation/Http/Middleware/TransformsRequest->handle(Object(Illuminate/Http/Request), Object(Closure))
#17 D:/Kuliah/PDC 2/website3/aquamonitor/aquamonitor/backend/vendor/laravel/framework/src/Illuminate/Pipeline/Pipeline.php(209): Illuminate/Foundation/Http/Middleware/TrimStrings->handle(Object(Illuminate/Http/Request), Object(Closure))
#18 D:/Kuliah/PDC 2/website3/aquamonitor/aquamonitor/backend/vendor/laravel/framework/src/Illuminate/Http/Middleware/ValidatePostSize.php(27): Illuminate/Pipeline/Pipeline->Illuminate/Pipeline/{closure}(Object(Illuminate/Http/Request))
#19 D:/Kuliah/PDC 2/website3/aquamonitor/aquamonitor/backend/vendor/laravel/framework/src/Illuminate/Pipeline/Pipeline.php(209): Illuminate/Http/Middleware/ValidatePostSize->handle(Object(Illuminate/Http/Request), Object(Closure))
#20 D:/Kuliah/PDC 2/website3/aquamonitor/aquamonitor/backend/vendor/laravel/framework/src/Illuminate/Foundation/Http/Middleware/PreventRequestsDuringMaintenance.php(110): Illuminate/Pipeline/Pipeline->Illuminate/Pipeline/{closure}(Object(Illuminate/Http/Request))
#21 D:/Kuliah/PDC 2/website3/aquamonitor/aquamonitor/backend/vendor/laravel/framework/src/Illuminate/Pipeline/Pipeline.php(209): Illuminate/Foundation/Http/Middleware/PreventRequestsDuringMaintenance->handle(Object(Illuminate/Http/Request), Object(Closure))
#22 D:/Kuliah/PDC 2/website3/aquamonitor/aquamonitor/backend/vendor/laravel/framework/src/Illuminate/Http/Middleware/HandleCors.php(62): Illuminate/Pipeline/Pipeline->Illuminate/Pipeline/{closure}(Object(Illuminate/Http/Request))
#23 D:/Kuliah/PDC 2/website3/aquamonitor/aquamonitor/backend/vendor/laravel/framework/src/Illuminate/Pipeline/Pipeline.php(209): Illuminate/Http/Middleware/HandleCors->handle(Object(Illuminate/Http/Request), Object(Closure))
#24 D:/Kuliah/PDC 2/website3/aquamonitor/aquamonitor/backend/vendor/laravel/framework/src/Illuminate/Http/Middleware/TrustProxies.php(58): Illuminate/Pipeline/Pipeline->Illuminate/Pipeline/{closure}(Object(Illuminate/Http/Request))
#25 D:/Kuliah/PDC 2/website3/aquamonitor/aquamonitor/backend/vendor/laravel/framework/src/Illuminate/Pipeline/Pipeline.php(209): Illuminate/Http/Middleware/TrustProxies->handle(Object(Illuminate/Http/Request), Object(Closure))
#26 D:/Kuliah/PDC 2/website3/aquamonitor/aquamonitor/backend/vendor/laravel/framework/src/Illuminate/Foundation/Http/Middleware/InvokeDeferredCallbacks.php(22): Illuminate/Pipeline/Pipeline->Illuminate/Pipeline/{closure}(Object(Illuminate/Http/Request))
#27 D:/Kuliah/PDC 2/website3/aquamonitor/aquamonitor/backend/vendor/laravel/framework/src/Illuminate/Pipeline/Pipeline.php(209): Illuminate/Foundation/Http/Middleware/InvokeDeferredCallbacks->handle(Object(Illuminate/Http/Request), Object(Closure))
#28 D:/Kuliah/PDC 2/website3/aquamonitor/aquamonitor/backend/vendor/laravel/framework/src/Illuminate/Pipeline/Pipeline.php(127): Illuminate/Pipeline/Pipeline->Illuminate/Pipeline/{closure}(Object(Illuminate/Http/Request))
#29 D:/Kuliah/PDC 2/website3/aquamonitor/aquamonitor/backend/vendor/laravel/framework/src/Illuminate/Foundation/Http/Kernel.php(176): Illuminate/Pipeline/Pipeline->then(Object(Closure))
#30 D:/Kuliah/PDC 2/website3/aquamonitor/aquamonitor/backend/vendor/laravel/framework/src/Illuminate/Foundation/Http/Kernel.php(145): Illuminate/Foundation/Http/Kernel->sendRequestThroughRouter(Object(Illuminate/Http/Request))
#31 D:/Kuliah/PDC 2/website3/aquamonitor/aquamonitor/backend/public/index.php(13): Illuminate/Foundation/Http/Kernel->handle(Object(Illuminate/Http/Request))
#32 D:/Kuliah/PDC 2/website3/aquamonitor/aquamonitor/backend/vendor/laravel/framework/src/Illuminate/Foundation/resources/server.php(23): require_once('D://Kuliah//PDC 2...')
#33 {main}
"} 
[2026-04-19 02:46:24] local.ERROR: Class "App\Http\Controllers\Controller" not found {"exception":"[object] (Error(code: 0): Class \"App\\Http\\Controllers\\Controller\" not found at D:/Kuliah/PDC 2/website3/aquamonitor/aquamonitor/backend/app/Http/Controllers/AuthController.php:12)
[stacktrace]
#0 D:/Kuliah/PDC 2/website3/aquamonitor/aquamonitor/backend/vendor/composer/ClassLoader.php(576): include()
#1 D:/Kuliah/PDC 2/website3/aquamonitor/aquamonitor/backend/vendor/composer/ClassLoader.php(427): Composer/Autoload/{closure}('D://Kuliah//PDC 2...')
#2 [internal function]: Composer/Autoload/ClassLoader->loadClass('App//Http//Contro...')
#3 D:/Kuliah/PDC 2/website3/aquamonitor/aquamonitor/backend/vendor/laravel/framework/src/Illuminate/Routing/Route.php(1117): is_a('App//Http//Contro...', 'Illuminate//Rout...', true)
#4 D:/Kuliah/PDC 2/website3/aquamonitor/aquamonitor/backend/vendor/laravel/framework/src/Illuminate/Routing/Route.php(1054): Illuminate/Routing/Route->controllerMiddleware()
#5 D:/Kuliah/PDC 2/website3/aquamonitor/aquamonitor/backend/vendor/laravel/framework/src/Illuminate/Routing/Router.php(820): Illuminate/Routing/Route->gatherMiddleware()
#6 D:/Kuliah/PDC 2/website3/aquamonitor/aquamonitor/backend/vendor/laravel/framework/src/Illuminate/Routing/Router.php(802): Illuminate/Routing/Router->gatherRouteMiddleware(Object(Illuminate/Routing/Route))
#7 D:/Kuliah/PDC 2/website3/aquamonitor/aquamonitor/backend/vendor/laravel/framework/src/Illuminate/Routing/Router.php(786): Illuminate/Routing/Router->runRouteWithinStack(Object(Illuminate/Routing/Route), Object(Illuminate/Http/Request))
#8 D:/Kuliah/PDC 2/website3/aquamonitor/aquamonitor/backend/vendor/laravel/framework/src/Illuminate/Routing/Router.php(750): Illuminate/Routing/Router->runRoute(Object(Illuminate/Http/Request), Object(Illuminate/Routing/Route))
#9 D:/Kuliah/PDC 2/website3/aquamonitor/aquamonitor/backend/vendor/laravel/framework/src/Illuminate/Routing/Router.php(739): Illuminate/Routing/Router->dispatchToRoute(Object(Illuminate/Http/Request))
#10 D:/Kuliah/PDC 2/website3/aquamonitor/aquamonitor/backend/vendor/laravel/framework/src/Illuminate/Foundation/Http/Kernel.php(201): Illuminate/Routing/Router->dispatch(Object(Illuminate/Http/Request))
#11 D:/Kuliah/PDC 2/website3/aquamonitor/aquamonitor/backend/vendor/laravel/framework/src/Illuminate/Pipeline/Pipeline.php(170): Illuminate/Foundation/Http/Kernel->Illuminate/Foundation/Http/{closure}(Object(Illuminate/Http/Request))
#12 D:/Kuliah/PDC 2/website3/aquamonitor/aquamonitor/backend/vendor/laravel/framework/src/Illuminate/Foundation/Http/Middleware/TransformsRequest.php(21): Illuminate/Pipeline/Pipeline->Illuminate/Pipeline/{closure}(Object(Illuminate/Http/Request))
#13 D:/Kuliah/PDC 2/website3/aquamonitor/aquamonitor/backend/vendor/laravel/framework/src/Illuminate/Foundation/Http/Middleware/ConvertEmptyStringsToNull.php(31): Illuminate/Foundation/Http/Middleware/TransformsRequest->handle(Object(Illuminate/Http/Request), Object(Closure))
#14 D:/Kuliah/PDC 2/website3/aquamonitor/aquamonitor/backend/vendor/laravel/framework/src/Illuminate/Pipeline/Pipeline.php(209): Illuminate/Foundation/Http/Middleware/ConvertEmptyStringsToNull->handle(Object(Illuminate/Http/Request), Object(Closure))
#15 D:/Kuliah/PDC 2/website3/aquamonitor/aquamonitor/backend/vendor/laravel/framework/src/Illuminate/Foundation/Http/Middleware/TransformsRequest.php(21): Illuminate/Pipeline/Pipeline->Illuminate/Pipeline/{closure}(Object(Illuminate/Http/Request))
#16 D:/Kuliah/PDC 2/website3/aquamonitor/aquamonitor/backend/vendor/laravel/framework/src/Illuminate/Foundation/Http/Middleware/TrimStrings.php(51): Illuminate/Foundation/Http/Middleware/TransformsRequest->handle(Object(Illuminate/Http/Request), Object(Closure))
#17 D:/Kuliah/PDC 2/website3/aquamonitor/aquamonitor/backend/vendor/laravel/framework/src/Illuminate/Pipeline/Pipeline.php(209): Illuminate/Foundation/Http/Middleware/TrimStrings->handle(Object(Illuminate/Http/Request), Object(Closure))
#18 D:/Kuliah/PDC 2/website3/aquamonitor/aquamonitor/backend/vendor/laravel/framework/src/Illuminate/Http/Middleware/ValidatePostSize.php(27): Illuminate/Pipeline/Pipeline->Illuminate/Pipeline/{closure}(Object(Illuminate/Http/Request))
#19 D:/Kuliah/PDC 2/website3/aquamonitor/aquamonitor/backend/vendor/laravel/framework/src/Illuminate/Pipeline/Pipeline.php(209): Illuminate/Http/Middleware/ValidatePostSize->handle(Object(Illuminate/Http/Request), Object(Closure))
#20 D:/Kuliah/PDC 2/website3/aquamonitor/aquamonitor/backend/vendor/laravel/framework/src/Illuminate/Foundation/Http/Middleware/PreventRequestsDuringMaintenance.php(110): Illuminate/Pipeline/Pipeline->Illuminate/Pipeline/{closure}(Object(Illuminate/Http/Request))
#21 D:/Kuliah/PDC 2/website3/aquamonitor/aquamonitor/backend/vendor/laravel/framework/src/Illuminate/Pipeline/Pipeline.php(209): Illuminate/Foundation/Http/Middleware/PreventRequestsDuringMaintenance->handle(Object(Illuminate/Http/Request), Object(Closure))
#22 D:/Kuliah/PDC 2/website3/aquamonitor/aquamonitor/backend/vendor/laravel/framework/src/Illuminate/Http/Middleware/HandleCors.php(62): Illuminate/Pipeline/Pipeline->Illuminate/Pipeline/{closure}(Object(Illuminate/Http/Request))
#23 D:/Kuliah/PDC 2/website3/aquamonitor/aquamonitor/backend/vendor/laravel/framework/src/Illuminate/Pipeline/Pipeline.php(209): Illuminate/Http/Middleware/HandleCors->handle(Object(Illuminate/Http/Request), Object(Closure))
#24 D:/Kuliah/PDC 2/website3/aquamonitor/aquamonitor/backend/vendor/laravel/framework/src/Illuminate/Http/Middleware/TrustProxies.php(58): Illuminate/Pipeline/Pipeline->Illuminate/Pipeline/{closure}(Object(Illuminate/Http/Request))
#25 D:/Kuliah/PDC 2/website3/aquamonitor/aquamonitor/backend/vendor/laravel/framework/src/Illuminate/Pipeline/Pipeline.php(209): Illuminate/Http/Middleware/TrustProxies->handle(Object(Illuminate/Http/Request), Object(Closure))
#26 D:/Kuliah/PDC 2/website3/aquamonitor/aquamonitor/backend/vendor/laravel/framework/src/Illuminate/Foundation/Http/Middleware/InvokeDeferredCallbacks.php(22): Illuminate/Pipeline/Pipeline->Illuminate/Pipeline/{closure}(Object(Illuminate/Http/Request))
#27 D:/Kuliah/PDC 2/website3/aquamonitor/aquamonitor/backend/vendor/laravel/framework/src/Illuminate/Pipeline/Pipeline.php(209): Illuminate/Foundation/Http/Middleware/InvokeDeferredCallbacks->handle(Object(Illuminate/Http/Request), Object(Closure))
#28 D:/Kuliah/PDC 2/website3/aquamonitor/aquamonitor/backend/vendor/laravel/framework/src/Illuminate/Pipeline/Pipeline.php(127): Illuminate/Pipeline/Pipeline->Illuminate/Pipeline/{closure}(Object(Illuminate/Http/Request))
#29 D:/Kuliah/PDC 2/website3/aquamonitor/aquamonitor/backend/vendor/laravel/framework/src/Illuminate/Foundation/Http/Kernel.php(176): Illuminate/Pipeline/Pipeline->then(Object(Closure))
#30 D:/Kuliah/PDC 2/website3/aquamonitor/aquamonitor/backend/vendor/laravel/framework/src/Illuminate/Foundation/Http/Kernel.php(145): Illuminate/Foundation/Http/Kernel->sendRequestThroughRouter(Object(Illuminate/Http/Request))
#31 D:/Kuliah/PDC 2/website3/aquamonitor/aquamonitor/backend/public/index.php(13): Illuminate/Foundation/Http/Kernel->handle(Object(Illuminate/Http/Request))
#32 D:/Kuliah/PDC 2/website3/aquamonitor/aquamonitor/backend/vendor/laravel/framework/src/Illuminate/Foundation/resources/server.php(23): require_once('D://Kuliah//PDC 2...')
#33 {main}
"} 
[2026-04-19 02:46:34] local.ERROR: Class "App\Http\Controllers\Controller" not found {"exception":"[object] (Error(code: 0): Class \"App\\Http\\Controllers\\Controller\" not found at D:/Kuliah/PDC 2/website3/aquamonitor/aquamonitor/backend/app/Http/Controllers/AuthController.php:12)
[stacktrace]
#0 D:/Kuliah/PDC 2/website3/aquamonitor/aquamonitor/backend/vendor/composer/ClassLoader.php(576): include()
#1 D:/Kuliah/PDC 2/website3/aquamonitor/aquamonitor/backend/vendor/composer/ClassLoader.php(427): Composer/Autoload/{closure}('D://Kuliah//PDC 2...')
#2 [internal function]: Composer/Autoload/ClassLoader->loadClass('App//Http//Contro...')
#3 D:/Kuliah/PDC 2/website3/aquamonitor/aquamonitor/backend/vendor/laravel/framework/src/Illuminate/Routing/Route.php(1117): is_a('App//Http//Contro...', 'Illuminate//Rout...', true)
#4 D:/Kuliah/PDC 2/website3/aquamonitor/aquamonitor/backend/vendor/laravel/framework/src/Illuminate/Routing/Route.php(1054): Illuminate/Routing/Route->controllerMiddleware()
#5 D:/Kuliah/PDC 2/website3/aquamonitor/aquamonitor/backend/vendor/laravel/framework/src/Illuminate/Routing/Router.php(820): Illuminate/Routing/Route->gatherMiddleware()
#6 D:/Kuliah/PDC 2/website3/aquamonitor/aquamonitor/backend/vendor/laravel/framework/src/Illuminate/Routing/Router.php(802): Illuminate/Routing/Router->gatherRouteMiddleware(Object(Illuminate/Routing/Route))
#7 D:/Kuliah/PDC 2/website3/aquamonitor/aquamonitor/backend/vendor/laravel/framework/src/Illuminate/Routing/Router.php(786): Illuminate/Routing/Router->runRouteWithinStack(Object(Illuminate/Routing/Route), Object(Illuminate/Http/Request))
#8 D:/Kuliah/PDC 2/website3/aquamonitor/aquamonitor/backend/vendor/laravel/framework/src/Illuminate/Routing/Router.php(750): Illuminate/Routing/Router->runRoute(Object(Illuminate/Http/Request), Object(Illuminate/Routing/Route))
#9 D:/Kuliah/PDC 2/website3/aquamonitor/aquamonitor/backend/vendor/laravel/framework/src/Illuminate/Routing/Router.php(739): Illuminate/Routing/Router->dispatchToRoute(Object(Illuminate/Http/Request))
#10 D:/Kuliah/PDC 2/website3/aquamonitor/aquamonitor/backend/vendor/laravel/framework/src/Illuminate/Foundation/Http/Kernel.php(201): Illuminate/Routing/Router->dispatch(Object(Illuminate/Http/Request))
#11 D:/Kuliah/PDC 2/website3/aquamonitor/aquamonitor/backend/vendor/laravel/framework/src/Illuminate/Pipeline/Pipeline.php(170): Illuminate/Foundation/Http/Kernel->Illuminate/Foundation/Http/{closure}(Object(Illuminate/Http/Request))
#12 D:/Kuliah/PDC 2/website3/aquamonitor/aquamonitor/backend/vendor/laravel/framework/src/Illuminate/Foundation/Http/Middleware/TransformsRequest.php(21): Illuminate/Pipeline/Pipeline->Illuminate/Pipeline/{closure}(Object(Illuminate/Http/Request))
#13 D:/Kuliah/PDC 2/website3/aquamonitor/aquamonitor/backend/vendor/laravel/framework/src/Illuminate/Foundation/Http/Middleware/ConvertEmptyStringsToNull.php(31): Illuminate/Foundation/Http/Middleware/TransformsRequest->handle(Object(Illuminate/Http/Request), Object(Closure))
#14 D:/Kuliah/PDC 2/website3/aquamonitor/aquamonitor/backend/vendor/laravel/framework/src/Illuminate/Pipeline/Pipeline.php(209): Illuminate/Foundation/Http/Middleware/ConvertEmptyStringsToNull->handle(Object(Illuminate/Http/Request), Object(Closure))
#15 D:/Kuliah/PDC 2/website3/aquamonitor/aquamonitor/backend/vendor/laravel/framework/src/Illuminate/Foundation/Http/Middleware/TransformsRequest.php(21): Illuminate/Pipeline/Pipeline->Illuminate/Pipeline/{closure}(Object(Illuminate/Http/Request))
#16 D:/Kuliah/PDC 2/website3/aquamonitor/aquamonitor/backend/vendor/laravel/framework/src/Illuminate/Foundation/Http/Middleware/TrimStrings.php(51): Illuminate/Foundation/Http/Middleware/TransformsRequest->handle(Object(Illuminate/Http/Request), Object(Closure))
#17 D:/Kuliah/PDC 2/website3/aquamonitor/aquamonitor/backend/vendor/laravel/framework/src/Illuminate/Pipeline/Pipeline.php(209): Illuminate/Foundation/Http/Middleware/TrimStrings->handle(Object(Illuminate/Http/Request), Object(Closure))
#18 D:/Kuliah/PDC 2/website3/aquamonitor/aquamonitor/backend/vendor/laravel/framework/src/Illuminate/Http/Middleware/ValidatePostSize.php(27): Illuminate/Pipeline/Pipeline->Illuminate/Pipeline/{closure}(Object(Illuminate/Http/Request))
#19 D:/Kuliah/PDC 2/website3/aquamonitor/aquamonitor/backend/vendor/laravel/framework/src/Illuminate/Pipeline/Pipeline.php(209): Illuminate/Http/Middleware/ValidatePostSize->handle(Object(Illuminate/Http/Request), Object(Closure))
#20 D:/Kuliah/PDC 2/website3/aquamonitor/aquamonitor/backend/vendor/laravel/framework/src/Illuminate/Foundation/Http/Middleware/PreventRequestsDuringMaintenance.php(110): Illuminate/Pipeline/Pipeline->Illuminate/Pipeline/{closure}(Object(Illuminate/Http/Request))
#21 D:/Kuliah/PDC 2/website3/aquamonitor/aquamonitor/backend/vendor/laravel/framework/src/Illuminate/Pipeline/Pipeline.php(209): Illuminate/Foundation/Http/Middleware/PreventRequestsDuringMaintenance->handle(Object(Illuminate/Http/Request), Object(Closure))
#22 D:/Kuliah/PDC 2/website3/aquamonitor/aquamonitor/backend/vendor/laravel/framework/src/Illuminate/Http/Middleware/HandleCors.php(62): Illuminate/Pipeline/Pipeline->Illuminate/Pipeline/{closure}(Object(Illuminate/Http/Request))
#23 D:/Kuliah/PDC 2/website3/aquamonitor/aquamonitor/backend/vendor/laravel/framework/src/Illuminate/Pipeline/Pipeline.php(209): Illuminate/Http/Middleware/HandleCors->handle(Object(Illuminate/Http/Request), Object(Closure))
#24 D:/Kuliah/PDC 2/website3/aquamonitor/aquamonitor/backend/vendor/laravel/framework/src/Illuminate/Http/Middleware/TrustProxies.php(58): Illuminate/Pipeline/Pipeline->Illuminate/Pipeline/{closure}(Object(Illuminate/Http/Request))
#25 D:/Kuliah/PDC 2/website3/aquamonitor/aquamonitor/backend/vendor/laravel/framework/src/Illuminate/Pipeline/Pipeline.php(209): Illuminate/Http/Middleware/TrustProxies->handle(Object(Illuminate/Http/Request), Object(Closure))
#26 D:/Kuliah/PDC 2/website3/aquamonitor/aquamonitor/backend/vendor/laravel/framework/src/Illuminate/Foundation/Http/Middleware/InvokeDeferredCallbacks.php(22): Illuminate/Pipeline/Pipeline->Illuminate/Pipeline/{closure}(Object(Illuminate/Http/Request))
#27 D:/Kuliah/PDC 2/website3/aquamonitor/aquamonitor/backend/vendor/laravel/framework/src/Illuminate/Pipeline/Pipeline.php(209): Illuminate/Foundation/Http/Middleware/InvokeDeferredCallbacks->handle(Object(Illuminate/Http/Request), Object(Closure))
#28 D:/Kuliah/PDC 2/website3/aquamonitor/aquamonitor/backend/vendor/laravel/framework/src/Illuminate/Pipeline/Pipeline.php(127): Illuminate/Pipeline/Pipeline->Illuminate/Pipeline/{closure}(Object(Illuminate/Http/Request))
#29 D:/Kuliah/PDC 2/website3/aquamonitor/aquamonitor/backend/vendor/laravel/framework/src/Illuminate/Foundation/Http/Kernel.php(176): Illuminate/Pipeline/Pipeline->then(Object(Closure))
#30 D:/Kuliah/PDC 2/website3/aquamonitor/aquamonitor/backend/vendor/laravel/framework/src/Illuminate/Foundation/Http/Kernel.php(145): Illuminate/Foundation/Http/Kernel->sendRequestThroughRouter(Object(Illuminate/Http/Request))
#31 D:/Kuliah/PDC 2/website3/aquamonitor/aquamonitor/backend/public/index.php(13): Illuminate/Foundation/Http/Kernel->handle(Object(Illuminate/Http/Request))
#32 D:/Kuliah/PDC 2/website3/aquamonitor/aquamonitor/backend/vendor/laravel/framework/src/Illuminate/Foundation/resources/server.php(23): require_once('D://Kuliah//PDC 2...')
#33 {main}
"} 
[2026-04-19 02:48:30] local.ERROR: file_put_contents(D:\Kuliah\PDC 2\website3\aquamonitor\aquamonitor\backend\storage\framework/sessions/CHGF39rG0zDAm46scSA4nqPzKkqmBAYd8Ky9sm5f): Failed to open stream: No such file or directory {"exception":"[object] (ErrorException(code: 0): file_put_contents(D:\\Kuliah\\PDC 2\\website3\\aquamonitor\\aquamonitor\\backend\\storage\\framework/sessions/CHGF39rG0zDAm46scSA4nqPzKkqmBAYd8Ky9sm5f): Failed to open stream: No such file or directory at D:/Kuliah/PDC 2/website3/aquamonitor/aquamonitor/backend/vendor/laravel/framework/src/Illuminate/Filesystem/Filesystem.php:204)
[stacktrace]
#0 D:/Kuliah/PDC 2/website3/aquamonitor/aquamonitor/backend/vendor/laravel/framework/src/Illuminate/Foundation/Bootstrap/HandleExceptions.php(258): Illuminate/Foundation/Bootstrap/HandleExceptions->handleError(2, 'file_put_conten...', 'D://Kuliah//PDC 2...', 204)
#1 [internal function]: Illuminate/Foundation/Bootstrap/HandleExceptions->Illuminate/Foundation/Bootstrap/{closure}(2, 'file_put_conten...', 'D://Kuliah//PDC 2...', 204)
#2 D:/Kuliah/PDC 2/website3/aquamonitor/aquamonitor/backend/vendor/laravel/framework/src/Illuminate/Filesystem/Filesystem.php(204): file_put_contents('D://Kuliah//PDC 2...', 'a:2:{s:6:\"_toke...', 2)
#3 D:/Kuliah/PDC 2/website3/aquamonitor/aquamonitor/backend/vendor/laravel/framework/src/Illuminate/Session/FileSessionHandler.php(90): Illuminate/Filesystem/Filesystem->put('D://Kuliah//PDC 2...', 'a:2:{s:6:\"_toke...', true)
#4 D:/Kuliah/PDC 2/website3/aquamonitor/aquamonitor/backend/vendor/laravel/framework/src/Illuminate/Session/Store.php(176): Illuminate/Session/FileSessionHandler->write('CHGF39rG0zDAm46...', 'a:2:{s:6:\"_toke...')
#5 D:/Kuliah/PDC 2/website3/aquamonitor/aquamonitor/backend/vendor/laravel/framework/src/Illuminate/Session/Middleware/StartSession.php(245): Illuminate/Session/Store->save()
#6 D:/Kuliah/PDC 2/website3/aquamonitor/aquamonitor/backend/vendor/laravel/framework/src/Illuminate/Session/Middleware/StartSession.php(130): Illuminate/Session/Middleware/StartSession->saveSession(Object(Illuminate/Http/Request))
#7 D:/Kuliah/PDC 2/website3/aquamonitor/aquamonitor/backend/vendor/laravel/framework/src/Illuminate/Session/Middleware/StartSession.php(64): Illuminate/Session/Middleware/StartSession->handleStatefulRequest(Object(Illuminate/Http/Request), Object(Illuminate/Session/Store), Object(Closure))
#8 D:/Kuliah/PDC 2/website3/aquamonitor/aquamonitor/backend/vendor/laravel/framework/src/Illuminate/Pipeline/Pipeline.php(209): Illuminate/Session/Middleware/StartSession->handle(Object(Illuminate/Http/Request), Object(Closure))
#9 D:/Kuliah/PDC 2/website3/aquamonitor/aquamonitor/backend/vendor/laravel/framework/src/Illuminate/Cookie/Middleware/AddQueuedCookiesToResponse.php(37): Illuminate/Pipeline/Pipeline->Illuminate/Pipeline/{closure}(Object(Illuminate/Http/Request))
#10 D:/Kuliah/PDC 2/website3/aquamonitor/aquamonitor/backend/vendor/laravel/framework/src/Illuminate/Pipeline/Pipeline.php(209): Illuminate/Cookie/Middleware/AddQueuedCookiesToResponse->handle(Object(Illuminate/Http/Request), Object(Closure))
#11 D:/Kuliah/PDC 2/website3/aquamonitor/aquamonitor/backend/vendor/laravel/framework/src/Illuminate/Cookie/Middleware/EncryptCookies.php(75): Illuminate/Pipeline/Pipeline->Illuminate/Pipeline/{closure}(Object(Illuminate/Http/Request))
#12 D:/Kuliah/PDC 2/website3/aquamonitor/aquamonitor/backend/vendor/laravel/framework/src/Illuminate/Pipeline/Pipeline.php(209): Illuminate/Cookie/Middleware/EncryptCookies->handle(Object(Illuminate/Http/Request), Object(Closure))
#13 D:/Kuliah/PDC 2/website3/aquamonitor/aquamonitor/backend/vendor/laravel/sanctum/src/Http/Middleware/EnsureFrontendRequestsAreStateful.php(61): Illuminate/Pipeline/Pipeline->Illuminate/Pipeline/{closure}(Object(Illuminate/Http/Request))
#14 D:/Kuliah/PDC 2/website3/aquamonitor/aquamonitor/backend/vendor/laravel/framework/src/Illuminate/Pipeline/Pipeline.php(191): Laravel/Sanctum/Http/Middleware/EnsureFrontendRequestsAreStateful->Laravel/Sanctum/Http/Middleware/{closure}(Object(Illuminate/Http/Request), Object(Closure))
#15 D:/Kuliah/PDC 2/website3/aquamonitor/aquamonitor/backend/vendor/laravel/framework/src/Illuminate/Pipeline/Pipeline.php(127): Illuminate/Pipeline/Pipeline->Illuminate/Pipeline/{closure}(Object(Illuminate/Http/Request))
#16 D:/Kuliah/PDC 2/website3/aquamonitor/aquamonitor/backend/vendor/laravel/sanctum/src/Http/Middleware/EnsureFrontendRequestsAreStateful.php(25): Illuminate/Pipeline/Pipeline->then(Object(Closure))
#17 D:/Kuliah/PDC 2/website3/aquamonitor/aquamonitor/backend/vendor/laravel/framework/src/Illuminate/Pipeline/Pipeline.php(209): Laravel/Sanctum/Http/Middleware/EnsureFrontendRequestsAreStateful->handle(Object(Illuminate/Http/Request), Object(Closure))
#18 D:/Kuliah/PDC 2/website3/aquamonitor/aquamonitor/backend/vendor/laravel/framework/src/Illuminate/Pipeline/Pipeline.php(127): Illuminate/Pipeline/Pipeline->Illuminate/Pipeline/{closure}(Object(Illuminate/Http/Request))
#19 D:/Kuliah/PDC 2/website3/aquamonitor/aquamonitor/backend/vendor/laravel/framework/src/Illuminate/Routing/Router.php(807): Illuminate/Pipeline/Pipeline->then(Object(Closure))
#20 D:/Kuliah/PDC 2/website3/aquamonitor/aquamonitor/backend/vendor/laravel/framework/src/Illuminate/Routing/Router.php(786): Illuminate/Routing/Router->runRouteWithinStack(Object(Illuminate/Routing/Route), Object(Illuminate/Http/Request))
#21 D:/Kuliah/PDC 2/website3/aquamonitor/aquamonitor/backend/vendor/laravel/framework/src/Illuminate/Routing/Router.php(750): Illuminate/Routing/Router->runRoute(Object(Illuminate/Http/Request), Object(Illuminate/Routing/Route))
#22 D:/Kuliah/PDC 2/website3/aquamonitor/aquamonitor/backend/vendor/laravel/framework/src/Illuminate/Routing/Router.php(739): Illuminate/Routing/Router->dispatchToRoute(Object(Illuminate/Http/Request))
#23 D:/Kuliah/PDC 2/website3/aquamonitor/aquamonitor/backend/vendor/laravel/framework/src/Illuminate/Foundation/Http/Kernel.php(201): Illuminate/Routing/Router->dispatch(Object(Illuminate/Http/Request))
#24 D:/Kuliah/PDC 2/website3/aquamonitor/aquamonitor/backend/vendor/laravel/framework/src/Illuminate/Pipeline/Pipeline.php(170): Illuminate/Foundation/Http/Kernel->Illuminate/Foundation/Http/{closure}(Object(Illuminate/Http/Request))
#25 D:/Kuliah/PDC 2/website3/aquamonitor/aquamonitor/backend/vendor/laravel/framework/src/Illuminate/Foundation/Http/Middleware/TransformsRequest.php(21): Illuminate/Pipeline/Pipeline->Illuminate/Pipeline/{closure}(Object(Illuminate/Http/Request))
#26 D:/Kuliah/PDC 2/website3/aquamonitor/aquamonitor/backend/vendor/laravel/framework/src/Illuminate/Foundation/Http/Middleware/ConvertEmptyStringsToNull.php(31): Illuminate/Foundation/Http/Middleware/TransformsRequest->handle(Object(Illuminate/Http/Request), Object(Closure))
#27 D:/Kuliah/PDC 2/website3/aquamonitor/aquamonitor/backend/vendor/laravel/framework/src/Illuminate/Pipeline/Pipeline.php(209): Illuminate/Foundation/Http/Middleware/ConvertEmptyStringsToNull->handle(Object(Illuminate/Http/Request), Object(Closure))
#28 D:/Kuliah/PDC 2/website3/aquamonitor/aquamonitor/backend/vendor/laravel/framework/src/Illuminate/Foundation/Http/Middleware/TransformsRequest.php(21): Illuminate/Pipeline/Pipeline->Illuminate/Pipeline/{closure}(Object(Illuminate/Http/Request))
#29 D:/Kuliah/PDC 2/website3/aquamonitor/aquamonitor/backend/vendor/laravel/framework/src/Illuminate/Foundation/Http/Middleware/TrimStrings.php(51): Illuminate/Foundation/Http/Middleware/TransformsRequest->handle(Object(Illuminate/Http/Request), Object(Closure))
#30 D:/Kuliah/PDC 2/website3/aquamonitor/aquamonitor/backend/vendor/laravel/framework/src/Illuminate/Pipeline/Pipeline.php(209): Illuminate/Foundation/Http/Middleware/TrimStrings->handle(Object(Illuminate/Http/Request), Object(Closure))
#31 D:/Kuliah/PDC 2/website3/aquamonitor/aquamonitor/backend/vendor/laravel/framework/src/Illuminate/Http/Middleware/ValidatePostSize.php(27): Illuminate/Pipeline/Pipeline->Illuminate/Pipeline/{closure}(Object(Illuminate/Http/Request))
#32 D:/Kuliah/PDC 2/website3/aquamonitor/aquamonitor/backend/vendor/laravel/framework/src/Illuminate/Pipeline/Pipeline.php(209): Illuminate/Http/Middleware/ValidatePostSize->handle(Object(Illuminate/Http/Request), Object(Closure))
#33 D:/Kuliah/PDC 2/website3/aquamonitor/aquamonitor/backend/vendor/laravel/framework/src/Illuminate/Foundation/Http/Middleware/PreventRequestsDuringMaintenance.php(110): Illuminate/Pipeline/Pipeline->Illuminate/Pipeline/{closure}(Object(Illuminate/Http/Request))
#34 D:/Kuliah/PDC 2/website3/aquamonitor/aquamonitor/backend/vendor/laravel/framework/src/Illuminate/Pipeline/Pipeline.php(209): Illuminate/Foundation/Http/Middleware/PreventRequestsDuringMaintenance->handle(Object(Illuminate/Http/Request), Object(Closure))
#35 D:/Kuliah/PDC 2/website3/aquamonitor/aquamonitor/backend/vendor/laravel/framework/src/Illuminate/Http/Middleware/HandleCors.php(62): Illuminate/Pipeline/Pipeline->Illuminate/Pipeline/{closure}(Object(Illuminate/Http/Request))
#36 D:/Kuliah/PDC 2/website3/aquamonitor/aquamonitor/backend/vendor/laravel/framework/src/Illuminate/Pipeline/Pipeline.php(209): Illuminate/Http/Middleware/HandleCors->handle(Object(Illuminate/Http/Request), Object(Closure))
#37 D:/Kuliah/PDC 2/website3/aquamonitor/aquamonitor/backend/vendor/laravel/framework/src/Illuminate/Http/Middleware/TrustProxies.php(58): Illuminate/Pipeline/Pipeline->Illuminate/Pipeline/{closure}(Object(Illuminate/Http/Request))
#38 D:/Kuliah/PDC 2/website3/aquamonitor/aquamonitor/backend/vendor/laravel/framework/src/Illuminate/Pipeline/Pipeline.php(209): Illuminate/Http/Middleware/TrustProxies->handle(Object(Illuminate/Http/Request), Object(Closure))
#39 D:/Kuliah/PDC 2/website3/aquamonitor/aquamonitor/backend/vendor/laravel/framework/src/Illuminate/Foundation/Http/Middleware/InvokeDeferredCallbacks.php(22): Illuminate/Pipeline/Pipeline->Illuminate/Pipeline/{closure}(Object(Illuminate/Http/Request))
#40 D:/Kuliah/PDC 2/website3/aquamonitor/aquamonitor/backend/vendor/laravel/framework/src/Illuminate/Pipeline/Pipeline.php(209): Illuminate/Foundation/Http/Middleware/InvokeDeferredCallbacks->handle(Object(Illuminate/Http/Request), Object(Closure))
#41 D:/Kuliah/PDC 2/website3/aquamonitor/aquamonitor/backend/vendor/laravel/framework/src/Illuminate/Pipeline/Pipeline.php(127): Illuminate/Pipeline/Pipeline->Illuminate/Pipeline/{closure}(Object(Illuminate/Http/Request))
#42 D:/Kuliah/PDC 2/website3/aquamonitor/aquamonitor/backend/vendor/laravel/framework/src/Illuminate/Foundation/Http/Kernel.php(176): Illuminate/Pipeline/Pipeline->then(Object(Closure))
#43 D:/Kuliah/PDC 2/website3/aquamonitor/aquamonitor/backend/vendor/laravel/framework/src/Illuminate/Foundation/Http/Kernel.php(145): Illuminate/Foundation/Http/Kernel->sendRequestThroughRouter(Object(Illuminate/Http/Request))
#44 D:/Kuliah/PDC 2/website3/aquamonitor/aquamonitor/backend/public/index.php(13): Illuminate/Foundation/Http/Kernel->handle(Object(Illuminate/Http/Request))
#45 D:/Kuliah/PDC 2/website3/aquamonitor/aquamonitor/backend/vendor/laravel/framework/src/Illuminate/Foundation/resources/server.php(23): require_once('D://Kuliah//PDC 2...')
#46 {main}
"} 
[2026-04-19 02:48:32] local.ERROR: file_put_contents(D:\Kuliah\PDC 2\website3\aquamonitor\aquamonitor\backend\storage\framework/sessions/nqjVg601BnIzlAuKQcdded8marKzO05ppUqmNaAB): Failed to open stream: No such file or directory {"exception":"[object] (ErrorException(code: 0): file_put_contents(D:\\Kuliah\\PDC 2\\website3\\aquamonitor\\aquamonitor\\backend\\storage\\framework/sessions/nqjVg601BnIzlAuKQcdded8marKzO05ppUqmNaAB): Failed to open stream: No such file or directory at D:/Kuliah/PDC 2/website3/aquamonitor/aquamonitor/backend/vendor/laravel/framework/src/Illuminate/Filesystem/Filesystem.php:204)
[stacktrace]
#0 D:/Kuliah/PDC 2/website3/aquamonitor/aquamonitor/backend/vendor/laravel/framework/src/Illuminate/Foundation/Bootstrap/HandleExceptions.php(258): Illuminate/Foundation/Bootstrap/HandleExceptions->handleError(2, 'file_put_conten...', 'D://Kuliah//PDC 2...', 204)
#1 [internal function]: Illuminate/Foundation/Bootstrap/HandleExceptions->Illuminate/Foundation/Bootstrap/{closure}(2, 'file_put_conten...', 'D://Kuliah//PDC 2...', 204)
#2 D:/Kuliah/PDC 2/website3/aquamonitor/aquamonitor/backend/vendor/laravel/framework/src/Illuminate/Filesystem/Filesystem.php(204): file_put_contents('D://Kuliah//PDC 2...', 'a:2:{s:6:\"_toke...', 2)
#3 D:/Kuliah/PDC 2/website3/aquamonitor/aquamonitor/backend/vendor/laravel/framework/src/Illuminate/Session/FileSessionHandler.php(90): Illuminate/Filesystem/Filesystem->put('D://Kuliah//PDC 2...', 'a:2:{s:6:\"_toke...', true)
#4 D:/Kuliah/PDC 2/website3/aquamonitor/aquamonitor/backend/vendor/laravel/framework/src/Illuminate/Session/Store.php(176): Illuminate/Session/FileSessionHandler->write('nqjVg601BnIzlAu...', 'a:2:{s:6:\"_toke...')
#5 D:/Kuliah/PDC 2/website3/aquamonitor/aquamonitor/backend/vendor/laravel/framework/src/Illuminate/Session/Middleware/StartSession.php(245): Illuminate/Session/Store->save()
#6 D:/Kuliah/PDC 2/website3/aquamonitor/aquamonitor/backend/vendor/laravel/framework/src/Illuminate/Session/Middleware/StartSession.php(130): Illuminate/Session/Middleware/StartSession->saveSession(Object(Illuminate/Http/Request))
#7 D:/Kuliah/PDC 2/website3/aquamonitor/aquamonitor/backend/vendor/laravel/framework/src/Illuminate/Session/Middleware/StartSession.php(64): Illuminate/Session/Middleware/StartSession->handleStatefulRequest(Object(Illuminate/Http/Request), Object(Illuminate/Session/Store), Object(Closure))
#8 D:/Kuliah/PDC 2/website3/aquamonitor/aquamonitor/backend/vendor/laravel/framework/src/Illuminate/Pipeline/Pipeline.php(209): Illuminate/Session/Middleware/StartSession->handle(Object(Illuminate/Http/Request), Object(Closure))
#9 D:/Kuliah/PDC 2/website3/aquamonitor/aquamonitor/backend/vendor/laravel/framework/src/Illuminate/Cookie/Middleware/AddQueuedCookiesToResponse.php(37): Illuminate/Pipeline/Pipeline->Illuminate/Pipeline/{closure}(Object(Illuminate/Http/Request))
#10 D:/Kuliah/PDC 2/website3/aquamonitor/aquamonitor/backend/vendor/laravel/framework/src/Illuminate/Pipeline/Pipeline.php(209): Illuminate/Cookie/Middleware/AddQueuedCookiesToResponse->handle(Object(Illuminate/Http/Request), Object(Closure))
#11 D:/Kuliah/PDC 2/website3/aquamonitor/aquamonitor/backend/vendor/laravel/framework/src/Illuminate/Cookie/Middleware/EncryptCookies.php(75): Illuminate/Pipeline/Pipeline->Illuminate/Pipeline/{closure}(Object(Illuminate/Http/Request))
#12 D:/Kuliah/PDC 2/website3/aquamonitor/aquamonitor/backend/vendor/laravel/framework/src/Illuminate/Pipeline/Pipeline.php(209): Illuminate/Cookie/Middleware/EncryptCookies->handle(Object(Illuminate/Http/Request), Object(Closure))
#13 D:/Kuliah/PDC 2/website3/aquamonitor/aquamonitor/backend/vendor/laravel/sanctum/src/Http/Middleware/EnsureFrontendRequestsAreStateful.php(61): Illuminate/Pipeline/Pipeline->Illuminate/Pipeline/{closure}(Object(Illuminate/Http/Request))
#14 D:/Kuliah/PDC 2/website3/aquamonitor/aquamonitor/backend/vendor/laravel/framework/src/Illuminate/Pipeline/Pipeline.php(191): Laravel/Sanctum/Http/Middleware/EnsureFrontendRequestsAreStateful->Laravel/Sanctum/Http/Middleware/{closure}(Object(Illuminate/Http/Request), Object(Closure))
#15 D:/Kuliah/PDC 2/website3/aquamonitor/aquamonitor/backend/vendor/laravel/framework/src/Illuminate/Pipeline/Pipeline.php(127): Illuminate/Pipeline/Pipeline->Illuminate/Pipeline/{closure}(Object(Illuminate/Http/Request))
#16 D:/Kuliah/PDC 2/website3/aquamonitor/aquamonitor/backend/vendor/laravel/sanctum/src/Http/Middleware/EnsureFrontendRequestsAreStateful.php(25): Illuminate/Pipeline/Pipeline->then(Object(Closure))
#17 D:/Kuliah/PDC 2/website3/aquamonitor/aquamonitor/backend/vendor/laravel/framework/src/Illuminate/Pipeline/Pipeline.php(209): Laravel/Sanctum/Http/Middleware/EnsureFrontendRequestsAreStateful->handle(Object(Illuminate/Http/Request), Object(Closure))
#18 D:/Kuliah/PDC 2/website3/aquamonitor/aquamonitor/backend/vendor/laravel/framework/src/Illuminate/Pipeline/Pipeline.php(127): Illuminate/Pipeline/Pipeline->Illuminate/Pipeline/{closure}(Object(Illuminate/Http/Request))
#19 D:/Kuliah/PDC 2/website3/aquamonitor/aquamonitor/backend/vendor/laravel/framework/src/Illuminate/Routing/Router.php(807): Illuminate/Pipeline/Pipeline->then(Object(Closure))
#20 D:/Kuliah/PDC 2/website3/aquamonitor/aquamonitor/backend/vendor/laravel/framework/src/Illuminate/Routing/Router.php(786): Illuminate/Routing/Router->runRouteWithinStack(Object(Illuminate/Routing/Route), Object(Illuminate/Http/Request))
#21 D:/Kuliah/PDC 2/website3/aquamonitor/aquamonitor/backend/vendor/laravel/framework/src/Illuminate/Routing/Router.php(750): Illuminate/Routing/Router->runRoute(Object(Illuminate/Http/Request), Object(Illuminate/Routing/Route))
#22 D:/Kuliah/PDC 2/website3/aquamonitor/aquamonitor/backend/vendor/laravel/framework/src/Illuminate/Routing/Router.php(739): Illuminate/Routing/Router->dispatchToRoute(Object(Illuminate/Http/Request))
#23 D:/Kuliah/PDC 2/website3/aquamonitor/aquamonitor/backend/vendor/laravel/framework/src/Illuminate/Foundation/Http/Kernel.php(201): Illuminate/Routing/Router->dispatch(Object(Illuminate/Http/Request))
#24 D:/Kuliah/PDC 2/website3/aquamonitor/aquamonitor/backend/vendor/laravel/framework/src/Illuminate/Pipeline/Pipeline.php(170): Illuminate/Foundation/Http/Kernel->Illuminate/Foundation/Http/{closure}(Object(Illuminate/Http/Request))
#25 D:/Kuliah/PDC 2/website3/aquamonitor/aquamonitor/backend/vendor/laravel/framework/src/Illuminate/Foundation/Http/Middleware/TransformsRequest.php(21): Illuminate/Pipeline/Pipeline->Illuminate/Pipeline/{closure}(Object(Illuminate/Http/Request))
#26 D:/Kuliah/PDC 2/website3/aquamonitor/aquamonitor/backend/vendor/laravel/framework/src/Illuminate/Foundation/Http/Middleware/ConvertEmptyStringsToNull.php(31): Illuminate/Foundation/Http/Middleware/TransformsRequest->handle(Object(Illuminate/Http/Request), Object(Closure))
#27 D:/Kuliah/PDC 2/website3/aquamonitor/aquamonitor/backend/vendor/laravel/framework/src/Illuminate/Pipeline/Pipeline.php(209): Illuminate/Foundation/Http/Middleware/ConvertEmptyStringsToNull->handle(Object(Illuminate/Http/Request), Object(Closure))
#28 D:/Kuliah/PDC 2/website3/aquamonitor/aquamonitor/backend/vendor/laravel/framework/src/Illuminate/Foundation/Http/Middleware/TransformsRequest.php(21): Illuminate/Pipeline/Pipeline->Illuminate/Pipeline/{closure}(Object(Illuminate/Http/Request))
#29 D:/Kuliah/PDC 2/website3/aquamonitor/aquamonitor/backend/vendor/laravel/framework/src/Illuminate/Foundation/Http/Middleware/TrimStrings.php(51): Illuminate/Foundation/Http/Middleware/TransformsRequest->handle(Object(Illuminate/Http/Request), Object(Closure))
#30 D:/Kuliah/PDC 2/website3/aquamonitor/aquamonitor/backend/vendor/laravel/framework/src/Illuminate/Pipeline/Pipeline.php(209): Illuminate/Foundation/Http/Middleware/TrimStrings->handle(Object(Illuminate/Http/Request), Object(Closure))
#31 D:/Kuliah/PDC 2/website3/aquamonitor/aquamonitor/backend/vendor/laravel/framework/src/Illuminate/Http/Middleware/ValidatePostSize.php(27): Illuminate/Pipeline/Pipeline->Illuminate/Pipeline/{closure}(Object(Illuminate/Http/Request))
#32 D:/Kuliah/PDC 2/website3/aquamonitor/aquamonitor/backend/vendor/laravel/framework/src/Illuminate/Pipeline/Pipeline.php(209): Illuminate/Http/Middleware/ValidatePostSize->handle(Object(Illuminate/Http/Request), Object(Closure))
#33 D:/Kuliah/PDC 2/website3/aquamonitor/aquamonitor/backend/vendor/laravel/framework/src/Illuminate/Foundation/Http/Middleware/PreventRequestsDuringMaintenance.php(110): Illuminate/Pipeline/Pipeline->Illuminate/Pipeline/{closure}(Object(Illuminate/Http/Request))
#34 D:/Kuliah/PDC 2/website3/aquamonitor/aquamonitor/backend/vendor/laravel/framework/src/Illuminate/Pipeline/Pipeline.php(209): Illuminate/Foundation/Http/Middleware/PreventRequestsDuringMaintenance->handle(Object(Illuminate/Http/Request), Object(Closure))
#35 D:/Kuliah/PDC 2/website3/aquamonitor/aquamonitor/backend/vendor/laravel/framework/src/Illuminate/Http/Middleware/HandleCors.php(62): Illuminate/Pipeline/Pipeline->Illuminate/Pipeline/{closure}(Object(Illuminate/Http/Request))
#36 D:/Kuliah/PDC 2/website3/aquamonitor/aquamonitor/backend/vendor/laravel/framework/src/Illuminate/Pipeline/Pipeline.php(209): Illuminate/Http/Middleware/HandleCors->handle(Object(Illuminate/Http/Request), Object(Closure))
#37 D:/Kuliah/PDC 2/website3/aquamonitor/aquamonitor/backend/vendor/laravel/framework/src/Illuminate/Http/Middleware/TrustProxies.php(58): Illuminate/Pipeline/Pipeline->Illuminate/Pipeline/{closure}(Object(Illuminate/Http/Request))
#38 D:/Kuliah/PDC 2/website3/aquamonitor/aquamonitor/backend/vendor/laravel/framework/src/Illuminate/Pipeline/Pipeline.php(209): Illuminate/Http/Middleware/TrustProxies->handle(Object(Illuminate/Http/Request), Object(Closure))
#39 D:/Kuliah/PDC 2/website3/aquamonitor/aquamonitor/backend/vendor/laravel/framework/src/Illuminate/Foundation/Http/Middleware/InvokeDeferredCallbacks.php(22): Illuminate/Pipeline/Pipeline->Illuminate/Pipeline/{closure}(Object(Illuminate/Http/Request))
#40 D:/Kuliah/PDC 2/website3/aquamonitor/aquamonitor/backend/vendor/laravel/framework/src/Illuminate/Pipeline/Pipeline.php(209): Illuminate/Foundation/Http/Middleware/InvokeDeferredCallbacks->handle(Object(Illuminate/Http/Request), Object(Closure))
#41 D:/Kuliah/PDC 2/website3/aquamonitor/aquamonitor/backend/vendor/laravel/framework/src/Illuminate/Pipeline/Pipeline.php(127): Illuminate/Pipeline/Pipeline->Illuminate/Pipeline/{closure}(Object(Illuminate/Http/Request))
#42 D:/Kuliah/PDC 2/website3/aquamonitor/aquamonitor/backend/vendor/laravel/framework/src/Illuminate/Foundation/Http/Kernel.php(176): Illuminate/Pipeline/Pipeline->then(Object(Closure))
#43 D:/Kuliah/PDC 2/website3/aquamonitor/aquamonitor/backend/vendor/laravel/framework/src/Illuminate/Foundation/Http/Kernel.php(145): Illuminate/Foundation/Http/Kernel->sendRequestThroughRouter(Object(Illuminate/Http/Request))
#44 D:/Kuliah/PDC 2/website3/aquamonitor/aquamonitor/backend/public/index.php(13): Illuminate/Foundation/Http/Kernel->handle(Object(Illuminate/Http/Request))
#45 D:/Kuliah/PDC 2/website3/aquamonitor/aquamonitor/backend/vendor/laravel/framework/src/Illuminate/Foundation/resources/server.php(23): require_once('D://Kuliah//PDC 2...')
#46 {main}
"} 
[2026-04-28 13:43:39] local.ERROR: Maximum execution time of 60 seconds exceeded {"exception":"[object] (Symfony\\Component\\ErrorHandler\\Error\\FatalError(code: 0): Maximum execution time of 60 seconds exceeded at D:/Kuliah/PDC 2/website3/aquamonitor/aquamonitor/backend/vendor/laravel/framework/src/Illuminate/Database/Connection.php:812)
[stacktrace]
#0 {main}
"} 
[2026-04-28 13:45:54] local.ERROR: Route [login] not defined. {"exception":"[object] (Symfony\\Component\\Routing\\Exception\\RouteNotFoundException(code: 0): Route [login] not defined. at D:/Kuliah/PDC 2/website3/aquamonitor/aquamonitor/backend/vendor/laravel/framework/src/Illuminate/Routing/UrlGenerator.php:517)
[stacktrace]
#0 D:/Kuliah/PDC 2/website3/aquamonitor/aquamonitor/backend/vendor/laravel/framework/src/Illuminate/Foundation/helpers.php(853): Illuminate/Routing/UrlGenerator->route('login', Array, true)
#1 D:/Kuliah/PDC 2/website3/aquamonitor/aquamonitor/backend/vendor/laravel/framework/src/Illuminate/Foundation/Configuration/ApplicationBuilder.php(278): route('login')
#2 [internal function]: Illuminate/Foundation/Configuration/ApplicationBuilder->Illuminate/Foundation/Configuration/{closure}(Object(Illuminate/Http/Request))
#3 D:/Kuliah/PDC 2/website3/aquamonitor/aquamonitor/backend/vendor/laravel/framework/src/Illuminate/Auth/Middleware/Authenticate.php(118): call_user_func(Object(Closure), Object(Illuminate/Http/Request))
#4 D:/Kuliah/PDC 2/website3/aquamonitor/aquamonitor/backend/vendor/laravel/framework/src/Illuminate/Auth/Middleware/Authenticate.php(105): Illuminate/Auth/Middleware/Authenticate->redirectTo(Object(Illuminate/Http/Request))
#5 D:/Kuliah/PDC 2/website3/aquamonitor/aquamonitor/backend/vendor/laravel/framework/src/Illuminate/Auth/Middleware/Authenticate.php(88): Illuminate/Auth/Middleware/Authenticate->unauthenticated(Object(Illuminate/Http/Request), Array)
#6 D:/Kuliah/PDC 2/website3/aquamonitor/aquamonitor/backend/vendor/laravel/framework/src/Illuminate/Auth/Middleware/Authenticate.php(62): Illuminate/Auth/Middleware/Authenticate->authenticate(Object(Illuminate/Http/Request), Array)
#7 D:/Kuliah/PDC 2/website3/aquamonitor/aquamonitor/backend/vendor/laravel/framework/src/Illuminate/Pipeline/Pipeline.php(209): Illuminate/Auth/Middleware/Authenticate->handle(Object(Illuminate/Http/Request), Object(Closure), 'sanctum')
#8 D:/Kuliah/PDC 2/website3/aquamonitor/aquamonitor/backend/vendor/laravel/sanctum/src/Http/Middleware/EnsureFrontendRequestsAreStateful.php(26): Illuminate/Pipeline/Pipeline->Illuminate/Pipeline/{closure}(Object(Illuminate/Http/Request))
#9 D:/Kuliah/PDC 2/website3/aquamonitor/aquamonitor/backend/vendor/laravel/framework/src/Illuminate/Pipeline/Pipeline.php(170): Laravel/Sanctum/Http/Middleware/EnsureFrontendRequestsAreStateful->Laravel/Sanctum/Http/Middleware/{closure}(Object(Illuminate/Http/Request))
#10 D:/Kuliah/PDC 2/website3/aquamonitor/aquamonitor/backend/vendor/laravel/framework/src/Illuminate/Pipeline/Pipeline.php(127): Illuminate/Pipeline/Pipeline->Illuminate/Pipeline/{closure}(Object(Illuminate/Http/Request))
#11 D:/Kuliah/PDC 2/website3/aquamonitor/aquamonitor/backend/vendor/laravel/sanctum/src/Http/Middleware/EnsureFrontendRequestsAreStateful.php(25): Illuminate/Pipeline/Pipeline->then(Object(Closure))
#12 D:/Kuliah/PDC 2/website3/aquamonitor/aquamonitor/backend/vendor/laravel/framework/src/Illuminate/Pipeline/Pipeline.php(209): Laravel/Sanctum/Http/Middleware/EnsureFrontendRequestsAreStateful->handle(Object(Illuminate/Http/Request), Object(Closure))
#13 D:/Kuliah/PDC 2/website3/aquamonitor/aquamonitor/backend/vendor/laravel/framework/src/Illuminate/Pipeline/Pipeline.php(127): Illuminate/Pipeline/Pipeline->Illuminate/Pipeline/{closure}(Object(Illuminate/Http/Request))
#14 D:/Kuliah/PDC 2/website3/aquamonitor/aquamonitor/backend/vendor/laravel/framework/src/Illuminate/Routing/Router.php(807): Illuminate/Pipeline/Pipeline->then(Object(Closure))
#15 D:/Kuliah/PDC 2/website3/aquamonitor/aquamonitor/backend/vendor/laravel/framework/src/Illuminate/Routing/Router.php(786): Illuminate/Routing/Router->runRouteWithinStack(Object(Illuminate/Routing/Route), Object(Illuminate/Http/Request))
#16 D:/Kuliah/PDC 2/website3/aquamonitor/aquamonitor/backend/vendor/laravel/framework/src/Illuminate/Routing/Router.php(750): Illuminate/Routing/Router->runRoute(Object(Illuminate/Http/Request), Object(Illuminate/Routing/Route))
#17 D:/Kuliah/PDC 2/website3/aquamonitor/aquamonitor/backend/vendor/laravel/framework/src/Illuminate/Routing/Router.php(739): Illuminate/Routing/Router->dispatchToRoute(Object(Illuminate/Http/Request))
#18 D:/Kuliah/PDC 2/website3/aquamonitor/aquamonitor/backend/vendor/laravel/framework/src/Illuminate/Foundation/Http/Kernel.php(201): Illuminate/Routing/Router->dispatch(Object(Illuminate/Http/Request))
#19 D:/Kuliah/PDC 2/website3/aquamonitor/aquamonitor/backend/vendor/laravel/framework/src/Illuminate/Pipeline/Pipeline.php(170): Illuminate/Foundation/Http/Kernel->Illuminate/Foundation/Http/{closure}(Object(Illuminate/Http/Request))
#20 D:/Kuliah/PDC 2/website3/aquamonitor/aquamonitor/backend/vendor/laravel/framework/src/Illuminate/Foundation/Http/Middleware/TransformsRequest.php(21): Illuminate/Pipeline/Pipeline->Illuminate/Pipeline/{closure}(Object(Illuminate/Http/Request))
#21 D:/Kuliah/PDC 2/website3/aquamonitor/aquamonitor/backend/vendor/laravel/framework/src/Illuminate/Foundation/Http/Middleware/ConvertEmptyStringsToNull.php(31): Illuminate/Foundation/Http/Middleware/TransformsRequest->handle(Object(Illuminate/Http/Request), Object(Closure))
#22 D:/Kuliah/PDC 2/website3/aquamonitor/aquamonitor/backend/vendor/laravel/framework/src/Illuminate/Pipeline/Pipeline.php(209): Illuminate/Foundation/Http/Middleware/ConvertEmptyStringsToNull->handle(Object(Illuminate/Http/Request), Object(Closure))
#23 D:/Kuliah/PDC 2/website3/aquamonitor/aquamonitor/backend/vendor/laravel/framework/src/Illuminate/Foundation/Http/Middleware/TransformsRequest.php(21): Illuminate/Pipeline/Pipeline->Illuminate/Pipeline/{closure}(Object(Illuminate/Http/Request))
#24 D:/Kuliah/PDC 2/website3/aquamonitor/aquamonitor/backend/vendor/laravel/framework/src/Illuminate/Foundation/Http/Middleware/TrimStrings.php(51): Illuminate/Foundation/Http/Middleware/TransformsRequest->handle(Object(Illuminate/Http/Request), Object(Closure))
#25 D:/Kuliah/PDC 2/website3/aquamonitor/aquamonitor/backend/vendor/laravel/framework/src/Illuminate/Pipeline/Pipeline.php(209): Illuminate/Foundation/Http/Middleware/TrimStrings->handle(Object(Illuminate/Http/Request), Object(Closure))
#26 D:/Kuliah/PDC 2/website3/aquamonitor/aquamonitor/backend/vendor/laravel/framework/src/Illuminate/Http/Middleware/ValidatePostSize.php(27): Illuminate/Pipeline/Pipeline->Illuminate/Pipeline/{closure}(Object(Illuminate/Http/Request))
#27 D:/Kuliah/PDC 2/website3/aquamonitor/aquamonitor/backend/vendor/laravel/framework/src/Illuminate/Pipeline/Pipeline.php(209): Illuminate/Http/Middleware/ValidatePostSize->handle(Object(Illuminate/Http/Request), Object(Closure))
#28 D:/Kuliah/PDC 2/website3/aquamonitor/aquamonitor/backend/vendor/laravel/framework/src/Illuminate/Foundation/Http/Middleware/PreventRequestsDuringMaintenance.php(110): Illuminate/Pipeline/Pipeline->Illuminate/Pipeline/{closure}(Object(Illuminate/Http/Request))
#29 D:/Kuliah/PDC 2/website3/aquamonitor/aquamonitor/backend/vendor/laravel/framework/src/Illuminate/Pipeline/Pipeline.php(209): Illuminate/Foundation/Http/Middleware/PreventRequestsDuringMaintenance->handle(Object(Illuminate/Http/Request), Object(Closure))
#30 D:/Kuliah/PDC 2/website3/aquamonitor/aquamonitor/backend/vendor/laravel/framework/src/Illuminate/Http/Middleware/HandleCors.php(62): Illuminate/Pipeline/Pipeline->Illuminate/Pipeline/{closure}(Object(Illuminate/Http/Request))
#31 D:/Kuliah/PDC 2/website3/aquamonitor/aquamonitor/backend/vendor/laravel/framework/src/Illuminate/Pipeline/Pipeline.php(209): Illuminate/Http/Middleware/HandleCors->handle(Object(Illuminate/Http/Request), Object(Closure))
#32 D:/Kuliah/PDC 2/website3/aquamonitor/aquamonitor/backend/vendor/laravel/framework/src/Illuminate/Http/Middleware/TrustProxies.php(58): Illuminate/Pipeline/Pipeline->Illuminate/Pipeline/{closure}(Object(Illuminate/Http/Request))
#33 D:/Kuliah/PDC 2/website3/aquamonitor/aquamonitor/backend/vendor/laravel/framework/src/Illuminate/Pipeline/Pipeline.php(209): Illuminate/Http/Middleware/TrustProxies->handle(Object(Illuminate/Http/Request), Object(Closure))
#34 D:/Kuliah/PDC 2/website3/aquamonitor/aquamonitor/backend/vendor/laravel/framework/src/Illuminate/Foundation/Http/Middleware/InvokeDeferredCallbacks.php(22): Illuminate/Pipeline/Pipeline->Illuminate/Pipeline/{closure}(Object(Illuminate/Http/Request))
#35 D:/Kuliah/PDC 2/website3/aquamonitor/aquamonitor/backend/vendor/laravel/framework/src/Illuminate/Pipeline/Pipeline.php(209): Illuminate/Foundation/Http/Middleware/InvokeDeferredCallbacks->handle(Object(Illuminate/Http/Request), Object(Closure))
#36 D:/Kuliah/PDC 2/website3/aquamonitor/aquamonitor/backend/vendor/laravel/framework/src/Illuminate/Pipeline/Pipeline.php(127): Illuminate/Pipeline/Pipeline->Illuminate/Pipeline/{closure}(Object(Illuminate/Http/Request))
#37 D:/Kuliah/PDC 2/website3/aquamonitor/aquamonitor/backend/vendor/laravel/framework/src/Illuminate/Foundation/Http/Kernel.php(176): Illuminate/Pipeline/Pipeline->then(Object(Closure))
#38 D:/Kuliah/PDC 2/website3/aquamonitor/aquamonitor/backend/vendor/laravel/framework/src/Illuminate/Foundation/Http/Kernel.php(145): Illuminate/Foundation/Http/Kernel->sendRequestThroughRouter(Object(Illuminate/Http/Request))
#39 D:/Kuliah/PDC 2/website3/aquamonitor/aquamonitor/backend/public/index.php(13): Illuminate/Foundation/Http/Kernel->handle(Object(Illuminate/Http/Request))
#40 D:/Kuliah/PDC 2/website3/aquamonitor/aquamonitor/backend/vendor/laravel/framework/src/Illuminate/Foundation/resources/server.php(23): require_once('D://Kuliah//PDC 2...')
#41 {main}
"} 
[2026-05-16 16:36:35] local.ERROR: SQLSTATE[42S02]: Base table or view not found: 1932 Table 'aquamonitor.users' doesn't exist in engine (Connection: mysql, SQL: select * from `users` where `email` = admin@aquamonitor.com limit 1) {"exception":"[object] (Illuminate\\Database\\QueryException(code: 42S02): SQLSTATE[42S02]: Base table or view not found: 1932 Table 'aquamonitor.users' doesn't exist in engine (Connection: mysql, SQL: select * from `users` where `email` = admin@aquamonitor.com limit 1) at D:/Kuliah/PDC 2/website3/aquamonitor/aquamonitor/backend/vendor/laravel/framework/src/Illuminate/Database/Connection.php:825)
[stacktrace]
#0 D:/Kuliah/PDC 2/website3/aquamonitor/aquamonitor/backend/vendor/laravel/framework/src/Illuminate/Database/Connection.php(779): Illuminate/Database/Connection->runQueryCallback('select * from `...', Array, Object(Closure))
#1 D:/Kuliah/PDC 2/website3/aquamonitor/aquamonitor/backend/vendor/laravel/framework/src/Illuminate/Database/Connection.php(398): Illuminate/Database/Connection->run('select * from `...', Array, Object(Closure))
#2 D:/Kuliah/PDC 2/website3/aquamonitor/aquamonitor/backend/vendor/laravel/framework/src/Illuminate/Database/Query/Builder.php(3106): Illuminate/Database/Connection->select('select * from `...', Array, true)
#3 D:/Kuliah/PDC 2/website3/aquamonitor/aquamonitor/backend/vendor/laravel/framework/src/Illuminate/Database/Query/Builder.php(3091): Illuminate/Database/Query/Builder->runSelect()
#4 D:/Kuliah/PDC 2/website3/aquamonitor/aquamonitor/backend/vendor/laravel/framework/src/Illuminate/Database/Query/Builder.php(3676): Illuminate/Database/Query/Builder->Illuminate/Database/Query/{closure}()
#5 D:/Kuliah/PDC 2/website3/aquamonitor/aquamonitor/backend/vendor/laravel/framework/src/Illuminate/Database/Query/Builder.php(3090): Illuminate/Database/Query/Builder->onceWithColumns(Array, Object(Closure))
#6 D:/Kuliah/PDC 2/website3/aquamonitor/aquamonitor/backend/vendor/laravel/framework/src/Illuminate/Database/Eloquent/Builder.php(811): Illuminate/Database/Query/Builder->get(Array)
#7 D:/Kuliah/PDC 2/website3/aquamonitor/aquamonitor/backend/vendor/laravel/framework/src/Illuminate/Database/Eloquent/Builder.php(793): Illuminate/Database/Eloquent/Builder->getModels(Array)
#8 D:/Kuliah/PDC 2/website3/aquamonitor/aquamonitor/backend/vendor/laravel/framework/src/Illuminate/Database/Concerns/BuildsQueries.php(343): Illuminate/Database/Eloquent/Builder->get(Array)
#9 D:/Kuliah/PDC 2/website3/aquamonitor/aquamonitor/backend/app/Http/Controllers/AuthController.php(21): Illuminate/Database/Eloquent/Builder->first()
#10 D:/Kuliah/PDC 2/website3/aquamonitor/aquamonitor/backend/vendor/laravel/framework/src/Illuminate/Routing/ControllerDispatcher.php(47): App/Http/Controllers/AuthController->login(Object(Illuminate/Http/Request))
#11 D:/Kuliah/PDC 2/website3/aquamonitor/aquamonitor/backend/vendor/laravel/framework/src/Illuminate/Routing/Route.php(266): Illuminate/Routing/ControllerDispatcher->dispatch(Object(Illuminate/Routing/Route), Object(App/Http/Controllers/AuthController), 'login')
#12 D:/Kuliah/PDC 2/website3/aquamonitor/aquamonitor/backend/vendor/laravel/framework/src/Illuminate/Routing/Route.php(212): Illuminate/Routing/Route->runController()
#13 D:/Kuliah/PDC 2/website3/aquamonitor/aquamonitor/backend/vendor/laravel/framework/src/Illuminate/Routing/Router.php(808): Illuminate/Routing/Route->run()
#14 D:/Kuliah/PDC 2/website3/aquamonitor/aquamonitor/backend/vendor/laravel/framework/src/Illuminate/Pipeline/Pipeline.php(170): Illuminate/Routing/Router->Illuminate/Routing/{closure}(Object(Illuminate/Http/Request))
#15 D:/Kuliah/PDC 2/website3/aquamonitor/aquamonitor/backend/vendor/laravel/framework/src/Illuminate/Routing/Middleware/SubstituteBindings.php(51): Illuminate/Pipeline/Pipeline->Illuminate/Pipeline/{closure}(Object(Illuminate/Http/Request))
#16 D:/Kuliah/PDC 2/website3/aquamonitor/aquamonitor/backend/vendor/laravel/framework/src/Illuminate/Pipeline/Pipeline.php(209): Illuminate/Routing/Middleware/SubstituteBindings->handle(Object(Illuminate/Http/Request), Object(Closure))
#17 D:/Kuliah/PDC 2/website3/aquamonitor/aquamonitor/backend/vendor/laravel/sanctum/src/Http/Middleware/EnsureFrontendRequestsAreStateful.php(26): Illuminate/Pipeline/Pipeline->Illuminate/Pipeline/{closure}(Object(Illuminate/Http/Request))
#18 D:/Kuliah/PDC 2/website3/aquamonitor/aquamonitor/backend/vendor/laravel/framework/src/Illuminate/Pipeline/Pipeline.php(170): Laravel/Sanctum/Http/Middleware/EnsureFrontendRequestsAreStateful->Laravel/Sanctum/Http/Middleware/{closure}(Object(Illuminate/Http/Request))
#19 D:/Kuliah/PDC 2/website3/aquamonitor/aquamonitor/backend/vendor/laravel/sanctum/src/Http/Middleware/AuthenticateSession.php(35): Illuminate/Pipeline/Pipeline->Illuminate/Pipeline/{closure}(Object(Illuminate/Http/Request))
#20 D:/Kuliah/PDC 2/website3/aquamonitor/aquamonitor/backend/vendor/laravel/framework/src/Illuminate/Pipeline/Pipeline.php(209): Laravel/Sanctum/Http/Middleware/AuthenticateSession->handle(Object(Illuminate/Http/Request), Object(Closure))
#21 D:/Kuliah/PDC 2/website3/aquamonitor/aquamonitor/backend/vendor/laravel/framework/src/Illuminate/Foundation/Http/Middleware/VerifyCsrfToken.php(88): Illuminate/Pipeline/Pipeline->Illuminate/Pipeline/{closure}(Object(Illuminate/Http/Request))
#22 D:/Kuliah/PDC 2/website3/aquamonitor/aquamonitor/backend/vendor/laravel/framework/src/Illuminate/Pipeline/Pipeline.php(209): Illuminate/Foundation/Http/Middleware/VerifyCsrfToken->handle(Object(Illuminate/Http/Request), Object(Closure))
#23 D:/Kuliah/PDC 2/website3/aquamonitor/aquamonitor/backend/vendor/laravel/framework/src/Illuminate/Session/Middleware/StartSession.php(121): Illuminate/Pipeline/Pipeline->Illuminate/Pipeline/{closure}(Object(Illuminate/Http/Request))
#24 D:/Kuliah/PDC 2/website3/aquamonitor/aquamonitor/backend/vendor/laravel/framework/src/Illuminate/Session/Middleware/StartSession.php(64): Illuminate/Session/Middleware/StartSession->handleStatefulRequest(Object(Illuminate/Http/Request), Object(Illuminate/Session/Store), Object(Closure))
#25 D:/Kuliah/PDC 2/website3/aquamonitor/aquamonitor/backend/vendor/laravel/framework/src/Illuminate/Pipeline/Pipeline.php(209): Illuminate/Session/Middleware/StartSession->handle(Object(Illuminate/Http/Request), Object(Closure))
#26 D:/Kuliah/PDC 2/website3/aquamonitor/aquamonitor/backend/vendor/laravel/framework/src/Illuminate/Cookie/Middleware/AddQueuedCookiesToResponse.php(37): Illuminate/Pipeline/Pipeline->Illuminate/Pipeline/{closure}(Object(Illuminate/Http/Request))
#27 D:/Kuliah/PDC 2/website3/aquamonitor/aquamonitor/backend/vendor/laravel/framework/src/Illuminate/Pipeline/Pipeline.php(209): Illuminate/Cookie/Middleware/AddQueuedCookiesToResponse->handle(Object(Illuminate/Http/Request), Object(Closure))
#28 D:/Kuliah/PDC 2/website3/aquamonitor/aquamonitor/backend/vendor/laravel/framework/src/Illuminate/Cookie/Middleware/EncryptCookies.php(75): Illuminate/Pipeline/Pipeline->Illuminate/Pipeline/{closure}(Object(Illuminate/Http/Request))
#29 D:/Kuliah/PDC 2/website3/aquamonitor/aquamonitor/backend/vendor/laravel/framework/src/Illuminate/Pipeline/Pipeline.php(209): Illuminate/Cookie/Middleware/EncryptCookies->handle(Object(Illuminate/Http/Request), Object(Closure))
#30 D:/Kuliah/PDC 2/website3/aquamonitor/aquamonitor/backend/vendor/laravel/sanctum/src/Http/Middleware/EnsureFrontendRequestsAreStateful.php(61): Illuminate/Pipeline/Pipeline->Illuminate/Pipeline/{closure}(Object(Illuminate/Http/Request))
#31 D:/Kuliah/PDC 2/website3/aquamonitor/aquamonitor/backend/vendor/laravel/framework/src/Illuminate/Pipeline/Pipeline.php(191): Laravel/Sanctum/Http/Middleware/EnsureFrontendRequestsAreStateful->Laravel/Sanctum/Http/Middleware/{closure}(Object(Illuminate/Http/Request), Object(Closure))
#32 D:/Kuliah/PDC 2/website3/aquamonitor/aquamonitor/backend/vendor/laravel/framework/src/Illuminate/Pipeline/Pipeline.php(127): Illuminate/Pipeline/Pipeline->Illuminate/Pipeline/{closure}(Object(Illuminate/Http/Request))
#33 D:/Kuliah/PDC 2/website3/aquamonitor/aquamonitor/backend/vendor/laravel/sanctum/src/Http/Middleware/EnsureFrontendRequestsAreStateful.php(25): Illuminate/Pipeline/Pipeline->then(Object(Closure))
#34 D:/Kuliah/PDC 2/website3/aquamonitor/aquamonitor/backend/vendor/laravel/framework/src/Illuminate/Pipeline/Pipeline.php(209): Laravel/Sanctum/Http/Middleware/EnsureFrontendRequestsAreStateful->handle(Object(Illuminate/Http/Request), Object(Closure))
#35 D:/Kuliah/PDC 2/website3/aquamonitor/aquamonitor/backend/vendor/laravel/framework/src/Illuminate/Pipeline/Pipeline.php(127): Illuminate/Pipeline/Pipeline->Illuminate/Pipeline/{closure}(Object(Illuminate/Http/Request))
#36 D:/Kuliah/PDC 2/website3/aquamonitor/aquamonitor/backend/vendor/laravel/framework/src/Illuminate/Routing/Router.php(807): Illuminate/Pipeline/Pipeline->then(Object(Closure))
#37 D:/Kuliah/PDC 2/website3/aquamonitor/aquamonitor/backend/vendor/laravel/framework/src/Illuminate/Routing/Router.php(786): Illuminate/Routing/Router->runRouteWithinStack(Object(Illuminate/Routing/Route), Object(Illuminate/Http/Request))
#38 D:/Kuliah/PDC 2/website3/aquamonitor/aquamonitor/backend/vendor/laravel/framework/src/Illuminate/Routing/Router.php(750): Illuminate/Routing/Router->runRoute(Object(Illuminate/Http/Request), Object(Illuminate/Routing/Route))
#39 D:/Kuliah/PDC 2/website3/aquamonitor/aquamonitor/backend/vendor/laravel/framework/src/Illuminate/Routing/Router.php(739): Illuminate/Routing/Router->dispatchToRoute(Object(Illuminate/Http/Request))
#40 D:/Kuliah/PDC 2/website3/aquamonitor/aquamonitor/backend/vendor/laravel/framework/src/Illuminate/Foundation/Http/Kernel.php(201): Illuminate/Routing/Router->dispatch(Object(Illuminate/Http/Request))
#41 D:/Kuliah/PDC 2/website3/aquamonitor/aquamonitor/backend/vendor/laravel/framework/src/Illuminate/Pipeline/Pipeline.php(170): Illuminate/Foundation/Http/Kernel->Illuminate/Foundation/Http/{closure}(Object(Illuminate/Http/Request))
#42 D:/Kuliah/PDC 2/website3/aquamonitor/aquamonitor/backend/vendor/laravel/framework/src/Illuminate/Foundation/Http/Middleware/TransformsRequest.php(21): Illuminate/Pipeline/Pipeline->Illuminate/Pipeline/{closure}(Object(Illuminate/Http/Request))
#43 D:/Kuliah/PDC 2/website3/aquamonitor/aquamonitor/backend/vendor/laravel/framework/src/Illuminate/Foundation/Http/Middleware/ConvertEmptyStringsToNull.php(31): Illuminate/Foundation/Http/Middleware/TransformsRequest->handle(Object(Illuminate/Http/Request), Object(Closure))
#44 D:/Kuliah/PDC 2/website3/aquamonitor/aquamonitor/backend/vendor/laravel/framework/src/Illuminate/Pipeline/Pipeline.php(209): Illuminate/Foundation/Http/Middleware/ConvertEmptyStringsToNull->handle(Object(Illuminate/Http/Request), Object(Closure))
#45 D:/Kuliah/PDC 2/website3/aquamonitor/aquamonitor/backend/vendor/laravel/framework/src/Illuminate/Foundation/Http/Middleware/TransformsRequest.php(21): Illuminate/Pipeline/Pipeline->Illuminate/Pipeline/{closure}(Object(Illuminate/Http/Request))
#46 D:/Kuliah/PDC 2/website3/aquamonitor/aquamonitor/backend/vendor/laravel/framework/src/Illuminate/Foundation/Http/Middleware/TrimStrings.php(51): Illuminate/Foundation/Http/Middleware/TransformsRequest->handle(Object(Illuminate/Http/Request), Object(Closure))
#47 D:/Kuliah/PDC 2/website3/aquamonitor/aquamonitor/backend/vendor/laravel/framework/src/Illuminate/Pipeline/Pipeline.php(209): Illuminate/Foundation/Http/Middleware/TrimStrings->handle(Object(Illuminate/Http/Request), Object(Closure))
#48 D:/Kuliah/PDC 2/website3/aquamonitor/aquamonitor/backend/vendor/laravel/framework/src/Illuminate/Http/Middleware/ValidatePostSize.php(27): Illuminate/Pipeline/Pipeline->Illuminate/Pipeline/{closure}(Object(Illuminate/Http/Request))
#49 D:/Kuliah/PDC 2/website3/aquamonitor/aquamonitor/backend/vendor/laravel/framework/src/Illuminate/Pipeline/Pipeline.php(209): Illuminate/Http/Middleware/ValidatePostSize->handle(Object(Illuminate/Http/Request), Object(Closure))
#50 D:/Kuliah/PDC 2/website3/aquamonitor/aquamonitor/backend/vendor/laravel/framework/src/Illuminate/Foundation/Http/Middleware/PreventRequestsDuringMaintenance.php(110): Illuminate/Pipeline/Pipeline->Illuminate/Pipeline/{closure}(Object(Illuminate/Http/Request))
#51 D:/Kuliah/PDC 2/website3/aquamonitor/aquamonitor/backend/vendor/laravel/framework/src/Illuminate/Pipeline/Pipeline.php(209): Illuminate/Foundation/Http/Middleware/PreventRequestsDuringMaintenance->handle(Object(Illuminate/Http/Request), Object(Closure))
#52 D:/Kuliah/PDC 2/website3/aquamonitor/aquamonitor/backend/vendor/laravel/framework/src/Illuminate/Http/Middleware/HandleCors.php(62): Illuminate/Pipeline/Pipeline->Illuminate/Pipeline/{closure}(Object(Illuminate/Http/Request))
#53 D:/Kuliah/PDC 2/website3/aquamonitor/aquamonitor/backend/vendor/laravel/framework/src/Illuminate/Pipeline/Pipeline.php(209): Illuminate/Http/Middleware/HandleCors->handle(Object(Illuminate/Http/Request), Object(Closure))
#54 D:/Kuliah/PDC 2/website3/aquamonitor/aquamonitor/backend/vendor/laravel/framework/src/Illuminate/Http/Middleware/TrustProxies.php(58): Illuminate/Pipeline/Pipeline->Illuminate/Pipeline/{closure}(Object(Illuminate/Http/Request))
#55 D:/Kuliah/PDC 2/website3/aquamonitor/aquamonitor/backend/vendor/laravel/framework/src/Illuminate/Pipeline/Pipeline.php(209): Illuminate/Http/Middleware/TrustProxies->handle(Object(Illuminate/Http/Request), Object(Closure))
#56 D:/Kuliah/PDC 2/website3/aquamonitor/aquamonitor/backend/vendor/laravel/framework/src/Illuminate/Foundation/Http/Middleware/InvokeDeferredCallbacks.php(22): Illuminate/Pipeline/Pipeline->Illuminate/Pipeline/{closure}(Object(Illuminate/Http/Request))
#57 D:/Kuliah/PDC 2/website3/aquamonitor/aquamonitor/backend/vendor/laravel/framework/src/Illuminate/Pipeline/Pipeline.php(209): Illuminate/Foundation/Http/Middleware/InvokeDeferredCallbacks->handle(Object(Illuminate/Http/Request), Object(Closure))
#58 D:/Kuliah/PDC 2/website3/aquamonitor/aquamonitor/backend/vendor/laravel/framework/src/Illuminate/Pipeline/Pipeline.php(127): Illuminate/Pipeline/Pipeline->Illuminate/Pipeline/{closure}(Object(Illuminate/Http/Request))
#59 D:/Kuliah/PDC 2/website3/aquamonitor/aquamonitor/backend/vendor/laravel/framework/src/Illuminate/Foundation/Http/Kernel.php(176): Illuminate/Pipeline/Pipeline->then(Object(Closure))
#60 D:/Kuliah/PDC 2/website3/aquamonitor/aquamonitor/backend/vendor/laravel/framework/src/Illuminate/Foundation/Http/Kernel.php(145): Illuminate/Foundation/Http/Kernel->sendRequestThroughRouter(Object(Illuminate/Http/Request))
#61 D:/Kuliah/PDC 2/website3/aquamonitor/aquamonitor/backend/public/index.php(13): Illuminate/Foundation/Http/Kernel->handle(Object(Illuminate/Http/Request))
#62 D:/Kuliah/PDC 2/website3/aquamonitor/aquamonitor/backend/vendor/laravel/framework/src/Illuminate/Foundation/resources/server.php(23): require_once('D://Kuliah//PDC 2...')
#63 {main}

[previous exception] [object] (PDOException(code: 42S02): SQLSTATE[42S02]: Base table or view not found: 1932 Table 'aquamonitor.users' doesn't exist in engine at D:/Kuliah/PDC 2/website3/aquamonitor/aquamonitor/backend/vendor/laravel/framework/src/Illuminate/Database/Connection.php:407)
[stacktrace]
#0 D:/Kuliah/PDC 2/website3/aquamonitor/aquamonitor/backend/vendor/laravel/framework/src/Illuminate/Database/Connection.php(407): PDO->prepare('select * from `...')
#1 D:/Kuliah/PDC 2/website3/aquamonitor/aquamonitor/backend/vendor/laravel/framework/src/Illuminate/Database/Connection.php(812): Illuminate/Database/Connection->Illuminate/Database/{closure}('select * from `...', Array)
#2 D:/Kuliah/PDC 2/website3/aquamonitor/aquamonitor/backend/vendor/laravel/framework/src/Illuminate/Database/Connection.php(779): Illuminate/Database/Connection->runQueryCallback('select * from `...', Array, Object(Closure))
#3 D:/Kuliah/PDC 2/website3/aquamonitor/aquamonitor/backend/vendor/laravel/framework/src/Illuminate/Database/Connection.php(398): Illuminate/Database/Connection->run('select * from `...', Array, Object(Closure))
#4 D:/Kuliah/PDC 2/website3/aquamonitor/aquamonitor/backend/vendor/laravel/framework/src/Illuminate/Database/Query/Builder.php(3106): Illuminate/Database/Connection->select('select * from `...', Array, true)
#5 D:/Kuliah/PDC 2/website3/aquamonitor/aquamonitor/backend/vendor/laravel/framework/src/Illuminate/Database/Query/Builder.php(3091): Illuminate/Database/Query/Builder->runSelect()
#6 D:/Kuliah/PDC 2/website3/aquamonitor/aquamonitor/backend/vendor/laravel/framework/src/Illuminate/Database/Query/Builder.php(3676): Illuminate/Database/Query/Builder->Illuminate/Database/Query/{closure}()
#7 D:/Kuliah/PDC 2/website3/aquamonitor/aquamonitor/backend/vendor/laravel/framework/src/Illuminate/Database/Query/Builder.php(3090): Illuminate/Database/Query/Builder->onceWithColumns(Array, Object(Closure))
#8 D:/Kuliah/PDC 2/website3/aquamonitor/aquamonitor/backend/vendor/laravel/framework/src/Illuminate/Database/Eloquent/Builder.php(811): Illuminate/Database/Query/Builder->get(Array)
#9 D:/Kuliah/PDC 2/website3/aquamonitor/aquamonitor/backend/vendor/laravel/framework/src/Illuminate/Database/Eloquent/Builder.php(793): Illuminate/Database/Eloquent/Builder->getModels(Array)
#10 D:/Kuliah/PDC 2/website3/aquamonitor/aquamonitor/backend/vendor/laravel/framework/src/Illuminate/Database/Concerns/BuildsQueries.php(343): Illuminate/Database/Eloquent/Builder->get(Array)
#11 D:/Kuliah/PDC 2/website3/aquamonitor/aquamonitor/backend/app/Http/Controllers/AuthController.php(21): Illuminate/Database/Eloquent/Builder->first()
#12 D:/Kuliah/PDC 2/website3/aquamonitor/aquamonitor/backend/vendor/laravel/framework/src/Illuminate/Routing/ControllerDispatcher.php(47): App/Http/Controllers/AuthController->login(Object(Illuminate/Http/Request))
#13 D:/Kuliah/PDC 2/website3/aquamonitor/aquamonitor/backend/vendor/laravel/framework/src/Illuminate/Routing/Route.php(266): Illuminate/Routing/ControllerDispatcher->dispatch(Object(Illuminate/Routing/Route), Object(App/Http/Controllers/AuthController), 'login')
#14 D:/Kuliah/PDC 2/website3/aquamonitor/aquamonitor/backend/vendor/laravel/framework/src/Illuminate/Routing/Route.php(212): Illuminate/Routing/Route->runController()
#15 D:/Kuliah/PDC 2/website3/aquamonitor/aquamonitor/backend/vendor/laravel/framework/src/Illuminate/Routing/Router.php(808): Illuminate/Routing/Route->run()
#16 D:/Kuliah/PDC 2/website3/aquamonitor/aquamonitor/backend/vendor/laravel/framework/src/Illuminate/Pipeline/Pipeline.php(170): Illuminate/Routing/Router->Illuminate/Routing/{closure}(Object(Illuminate/Http/Request))
#17 D:/Kuliah/PDC 2/website3/aquamonitor/aquamonitor/backend/vendor/laravel/framework/src/Illuminate/Routing/Middleware/SubstituteBindings.php(51): Illuminate/Pipeline/Pipeline->Illuminate/Pipeline/{closure}(Object(Illuminate/Http/Request))
#18 D:/Kuliah/PDC 2/website3/aquamonitor/aquamonitor/backend/vendor/laravel/framework/src/Illuminate/Pipeline/Pipeline.php(209): Illuminate/Routing/Middleware/SubstituteBindings->handle(Object(Illuminate/Http/Request), Object(Closure))
#19 D:/Kuliah/PDC 2/website3/aquamonitor/aquamonitor/backend/vendor/laravel/sanctum/src/Http/Middleware/EnsureFrontendRequestsAreStateful.php(26): Illuminate/Pipeline/Pipeline->Illuminate/Pipeline/{closure}(Object(Illuminate/Http/Request))
#20 D:/Kuliah/PDC 2/website3/aquamonitor/aquamonitor/backend/vendor/laravel/framework/src/Illuminate/Pipeline/Pipeline.php(170): Laravel/Sanctum/Http/Middleware/EnsureFrontendRequestsAreStateful->Laravel/Sanctum/Http/Middleware/{closure}(Object(Illuminate/Http/Request))
#21 D:/Kuliah/PDC 2/website3/aquamonitor/aquamonitor/backend/vendor/laravel/sanctum/src/Http/Middleware/AuthenticateSession.php(35): Illuminate/Pipeline/Pipeline->Illuminate/Pipeline/{closure}(Object(Illuminate/Http/Request))
#22 D:/Kuliah/PDC 2/website3/aquamonitor/aquamonitor/backend/vendor/laravel/framework/src/Illuminate/Pipeline/Pipeline.php(209): Laravel/Sanctum/Http/Middleware/AuthenticateSession->handle(Object(Illuminate/Http/Request), Object(Closure))
#23 D:/Kuliah/PDC 2/website3/aquamonitor/aquamonitor/backend/vendor/laravel/framework/src/Illuminate/Foundation/Http/Middleware/VerifyCsrfToken.php(88): Illuminate/Pipeline/Pipeline->Illuminate/Pipeline/{closure}(Object(Illuminate/Http/Request))
#24 D:/Kuliah/PDC 2/website3/aquamonitor/aquamonitor/backend/vendor/laravel/framework/src/Illuminate/Pipeline/Pipeline.php(209): Illuminate/Foundation/Http/Middleware/VerifyCsrfToken->handle(Object(Illuminate/Http/Request), Object(Closure))
#25 D:/Kuliah/PDC 2/website3/aquamonitor/aquamonitor/backend/vendor/laravel/framework/src/Illuminate/Session/Middleware/StartSession.php(121): Illuminate/Pipeline/Pipeline->Illuminate/Pipeline/{closure}(Object(Illuminate/Http/Request))
#26 D:/Kuliah/PDC 2/website3/aquamonitor/aquamonitor/backend/vendor/laravel/framework/src/Illuminate/Session/Middleware/StartSession.php(64): Illuminate/Session/Middleware/StartSession->handleStatefulRequest(Object(Illuminate/Http/Request), Object(Illuminate/Session/Store), Object(Closure))
#27 D:/Kuliah/PDC 2/website3/aquamonitor/aquamonitor/backend/vendor/laravel/framework/src/Illuminate/Pipeline/Pipeline.php(209): Illuminate/Session/Middleware/StartSession->handle(Object(Illuminate/Http/Request), Object(Closure))
#28 D:/Kuliah/PDC 2/website3/aquamonitor/aquamonitor/backend/vendor/laravel/framework/src/Illuminate/Cookie/Middleware/AddQueuedCookiesToResponse.php(37): Illuminate/Pipeline/Pipeline->Illuminate/Pipeline/{closure}(Object(Illuminate/Http/Request))
#29 D:/Kuliah/PDC 2/website3/aquamonitor/aquamonitor/backend/vendor/laravel/framework/src/Illuminate/Pipeline/Pipeline.php(209): Illuminate/Cookie/Middleware/AddQueuedCookiesToResponse->handle(Object(Illuminate/Http/Request), Object(Closure))
#30 D:/Kuliah/PDC 2/website3/aquamonitor/aquamonitor/backend/vendor/laravel/framework/src/Illuminate/Cookie/Middleware/EncryptCookies.php(75): Illuminate/Pipeline/Pipeline->Illuminate/Pipeline/{closure}(Object(Illuminate/Http/Request))
#31 D:/Kuliah/PDC 2/website3/aquamonitor/aquamonitor/backend/vendor/laravel/framework/src/Illuminate/Pipeline/Pipeline.php(209): Illuminate/Cookie/Middleware/EncryptCookies->handle(Object(Illuminate/Http/Request), Object(Closure))
#32 D:/Kuliah/PDC 2/website3/aquamonitor/aquamonitor/backend/vendor/laravel/sanctum/src/Http/Middleware/EnsureFrontendRequestsAreStateful.php(61): Illuminate/Pipeline/Pipeline->Illuminate/Pipeline/{closure}(Object(Illuminate/Http/Request))
#33 D:/Kuliah/PDC 2/website3/aquamonitor/aquamonitor/backend/vendor/laravel/framework/src/Illuminate/Pipeline/Pipeline.php(191): Laravel/Sanctum/Http/Middleware/EnsureFrontendRequestsAreStateful->Laravel/Sanctum/Http/Middleware/{closure}(Object(Illuminate/Http/Request), Object(Closure))
#34 D:/Kuliah/PDC 2/website3/aquamonitor/aquamonitor/backend/vendor/laravel/framework/src/Illuminate/Pipeline/Pipeline.php(127): Illuminate/Pipeline/Pipeline->Illuminate/Pipeline/{closure}(Object(Illuminate/Http/Request))
#35 D:/Kuliah/PDC 2/website3/aquamonitor/aquamonitor/backend/vendor/laravel/sanctum/src/Http/Middleware/EnsureFrontendRequestsAreStateful.php(25): Illuminate/Pipeline/Pipeline->then(Object(Closure))
#36 D:/Kuliah/PDC 2/website3/aquamonitor/aquamonitor/backend/vendor/laravel/framework/src/Illuminate/Pipeline/Pipeline.php(209): Laravel/Sanctum/Http/Middleware/EnsureFrontendRequestsAreStateful->handle(Object(Illuminate/Http/Request), Object(Closure))
#37 D:/Kuliah/PDC 2/website3/aquamonitor/aquamonitor/backend/vendor/laravel/framework/src/Illuminate/Pipeline/Pipeline.php(127): Illuminate/Pipeline/Pipeline->Illuminate/Pipeline/{closure}(Object(Illuminate/Http/Request))
#38 D:/Kuliah/PDC 2/website3/aquamonitor/aquamonitor/backend/vendor/laravel/framework/src/Illuminate/Routing/Router.php(807): Illuminate/Pipeline/Pipeline->then(Object(Closure))
#39 D:/Kuliah/PDC 2/website3/aquamonitor/aquamonitor/backend/vendor/laravel/framework/src/Illuminate/Routing/Router.php(786): Illuminate/Routing/Router->runRouteWithinStack(Object(Illuminate/Routing/Route), Object(Illuminate/Http/Request))
#40 D:/Kuliah/PDC 2/website3/aquamonitor/aquamonitor/backend/vendor/laravel/framework/src/Illuminate/Routing/Router.php(750): Illuminate/Routing/Router->runRoute(Object(Illuminate/Http/Request), Object(Illuminate/Routing/Route))
#41 D:/Kuliah/PDC 2/website3/aquamonitor/aquamonitor/backend/vendor/laravel/framework/src/Illuminate/Routing/Router.php(739): Illuminate/Routing/Router->dispatchToRoute(Object(Illuminate/Http/Request))
#42 D:/Kuliah/PDC 2/website3/aquamonitor/aquamonitor/backend/vendor/laravel/framework/src/Illuminate/Foundation/Http/Kernel.php(201): Illuminate/Routing/Router->dispatch(Object(Illuminate/Http/Request))
#43 D:/Kuliah/PDC 2/website3/aquamonitor/aquamonitor/backend/vendor/laravel/framework/src/Illuminate/Pipeline/Pipeline.php(170): Illuminate/Foundation/Http/Kernel->Illuminate/Foundation/Http/{closure}(Object(Illuminate/Http/Request))
#44 D:/Kuliah/PDC 2/website3/aquamonitor/aquamonitor/backend/vendor/laravel/framework/src/Illuminate/Foundation/Http/Middleware/TransformsRequest.php(21): Illuminate/Pipeline/Pipeline->Illuminate/Pipeline/{closure}(Object(Illuminate/Http/Request))
#45 D:/Kuliah/PDC 2/website3/aquamonitor/aquamonitor/backend/vendor/laravel/framework/src/Illuminate/Foundation/Http/Middleware/ConvertEmptyStringsToNull.php(31): Illuminate/Foundation/Http/Middleware/TransformsRequest->handle(Object(Illuminate/Http/Request), Object(Closure))
#46 D:/Kuliah/PDC 2/website3/aquamonitor/aquamonitor/backend/vendor/laravel/framework/src/Illuminate/Pipeline/Pipeline.php(209): Illuminate/Foundation/Http/Middleware/ConvertEmptyStringsToNull->handle(Object(Illuminate/Http/Request), Object(Closure))
#47 D:/Kuliah/PDC 2/website3/aquamonitor/aquamonitor/backend/vendor/laravel/framework/src/Illuminate/Foundation/Http/Middleware/TransformsRequest.php(21): Illuminate/Pipeline/Pipeline->Illuminate/Pipeline/{closure}(Object(Illuminate/Http/Request))
#48 D:/Kuliah/PDC 2/website3/aquamonitor/aquamonitor/backend/vendor/laravel/framework/src/Illuminate/Foundation/Http/Middleware/TrimStrings.php(51): Illuminate/Foundation/Http/Middleware/TransformsRequest->handle(Object(Illuminate/Http/Request), Object(Closure))
#49 D:/Kuliah/PDC 2/website3/aquamonitor/aquamonitor/backend/vendor/laravel/framework/src/Illuminate/Pipeline/Pipeline.php(209): Illuminate/Foundation/Http/Middleware/TrimStrings->handle(Object(Illuminate/Http/Request), Object(Closure))
#50 D:/Kuliah/PDC 2/website3/aquamonitor/aquamonitor/backend/vendor/laravel/framework/src/Illuminate/Http/Middleware/ValidatePostSize.php(27): Illuminate/Pipeline/Pipeline->Illuminate/Pipeline/{closure}(Object(Illuminate/Http/Request))
#51 D:/Kuliah/PDC 2/website3/aquamonitor/aquamonitor/backend/vendor/laravel/framework/src/Illuminate/Pipeline/Pipeline.php(209): Illuminate/Http/Middleware/ValidatePostSize->handle(Object(Illuminate/Http/Request), Object(Closure))
#52 D:/Kuliah/PDC 2/website3/aquamonitor/aquamonitor/backend/vendor/laravel/framework/src/Illuminate/Foundation/Http/Middleware/PreventRequestsDuringMaintenance.php(110): Illuminate/Pipeline/Pipeline->Illuminate/Pipeline/{closure}(Object(Illuminate/Http/Request))
#53 D:/Kuliah/PDC 2/website3/aquamonitor/aquamonitor/backend/vendor/laravel/framework/src/Illuminate/Pipeline/Pipeline.php(209): Illuminate/Foundation/Http/Middleware/PreventRequestsDuringMaintenance->handle(Object(Illuminate/Http/Request), Object(Closure))
#54 D:/Kuliah/PDC 2/website3/aquamonitor/aquamonitor/backend/vendor/laravel/framework/src/Illuminate/Http/Middleware/HandleCors.php(62): Illuminate/Pipeline/Pipeline->Illuminate/Pipeline/{closure}(Object(Illuminate/Http/Request))
#55 D:/Kuliah/PDC 2/website3/aquamonitor/aquamonitor/backend/vendor/laravel/framework/src/Illuminate/Pipeline/Pipeline.php(209): Illuminate/Http/Middleware/HandleCors->handle(Object(Illuminate/Http/Request), Object(Closure))
#56 D:/Kuliah/PDC 2/website3/aquamonitor/aquamonitor/backend/vendor/laravel/framework/src/Illuminate/Http/Middleware/TrustProxies.php(58): Illuminate/Pipeline/Pipeline->Illuminate/Pipeline/{closure}(Object(Illuminate/Http/Request))
#57 D:/Kuliah/PDC 2/website3/aquamonitor/aquamonitor/backend/vendor/laravel/framework/src/Illuminate/Pipeline/Pipeline.php(209): Illuminate/Http/Middleware/TrustProxies->handle(Object(Illuminate/Http/Request), Object(Closure))
#58 D:/Kuliah/PDC 2/website3/aquamonitor/aquamonitor/backend/vendor/laravel/framework/src/Illuminate/Foundation/Http/Middleware/InvokeDeferredCallbacks.php(22): Illuminate/Pipeline/Pipeline->Illuminate/Pipeline/{closure}(Object(Illuminate/Http/Request))
#59 D:/Kuliah/PDC 2/website3/aquamonitor/aquamonitor/backend/vendor/laravel/framework/src/Illuminate/Pipeline/Pipeline.php(209): Illuminate/Foundation/Http/Middleware/InvokeDeferredCallbacks->handle(Object(Illuminate/Http/Request), Object(Closure))
#60 D:/Kuliah/PDC 2/website3/aquamonitor/aquamonitor/backend/vendor/laravel/framework/src/Illuminate/Pipeline/Pipeline.php(127): Illuminate/Pipeline/Pipeline->Illuminate/Pipeline/{closure}(Object(Illuminate/Http/Request))
#61 D:/Kuliah/PDC 2/website3/aquamonitor/aquamonitor/backend/vendor/laravel/framework/src/Illuminate/Foundation/Http/Kernel.php(176): Illuminate/Pipeline/Pipeline->then(Object(Closure))
#62 D:/Kuliah/PDC 2/website3/aquamonitor/aquamonitor/backend/vendor/laravel/framework/src/Illuminate/Foundation/Http/Kernel.php(145): Illuminate/Foundation/Http/Kernel->sendRequestThroughRouter(Object(Illuminate/Http/Request))
#63 D:/Kuliah/PDC 2/website3/aquamonitor/aquamonitor/backend/public/index.php(13): Illuminate/Foundation/Http/Kernel->handle(Object(Illuminate/Http/Request))
#64 D:/Kuliah/PDC 2/website3/aquamonitor/aquamonitor/backend/vendor/laravel/framework/src/Illuminate/Foundation/resources/server.php(23): require_once('D://Kuliah//PDC 2...')
#65 {main}
"} 
[2026-05-16 16:37:09] local.ERROR: SQLSTATE[42S02]: Base table or view not found: 1932 Table 'aquamonitor.migrations' doesn't exist in engine (Connection: mysql, SQL: select `migration` from `migrations` order by `batch` asc, `migration` asc) {"exception":"[object] (Illuminate\\Database\\QueryException(code: 42S02): SQLSTATE[42S02]: Base table or view not found: 1932 Table 'aquamonitor.migrations' doesn't exist in engine (Connection: mysql, SQL: select `migration` from `migrations` order by `batch` asc, `migration` asc) at D:/Kuliah/PDC 2/website3/aquamonitor/aquamonitor/backend/vendor/laravel/framework/src/Illuminate/Database/Connection.php:825)
[stacktrace]
#0 D:/Kuliah/PDC 2/website3/aquamonitor/aquamonitor/backend/vendor/laravel/framework/src/Illuminate/Database/Connection.php(779): Illuminate/Database/Connection->runQueryCallback('select `migrati...', Array, Object(Closure))
#1 D:/Kuliah/PDC 2/website3/aquamonitor/aquamonitor/backend/vendor/laravel/framework/src/Illuminate/Database/Connection.php(398): Illuminate/Database/Connection->run('select `migrati...', Array, Object(Closure))
#2 D:/Kuliah/PDC 2/website3/aquamonitor/aquamonitor/backend/vendor/laravel/framework/src/Illuminate/Database/Query/Builder.php(3106): Illuminate/Database/Connection->select('select `migrati...', Array, false)
#3 D:/Kuliah/PDC 2/website3/aquamonitor/aquamonitor/backend/vendor/laravel/framework/src/Illuminate/Database/Query/Builder.php(3362): Illuminate/Database/Query/Builder->runSelect()
#4 D:/Kuliah/PDC 2/website3/aquamonitor/aquamonitor/backend/vendor/laravel/framework/src/Illuminate/Database/Query/Builder.php(3676): Illuminate/Database/Query/Builder->Illuminate/Database/Query/{closure}()
#5 D:/Kuliah/PDC 2/website3/aquamonitor/aquamonitor/backend/vendor/laravel/framework/src/Illuminate/Database/Query/Builder.php(3358): Illuminate/Database/Query/Builder->onceWithColumns(Array, Object(Closure))
#6 D:/Kuliah/PDC 2/website3/aquamonitor/aquamonitor/backend/vendor/laravel/framework/src/Illuminate/Database/Migrations/DatabaseMigrationRepository.php(53): Illuminate/Database/Query/Builder->pluck('migration')
#7 D:/Kuliah/PDC 2/website3/aquamonitor/aquamonitor/backend/vendor/laravel/framework/src/Illuminate/Database/Migrations/Migrator.php(752): Illuminate/Database/Migrations/DatabaseMigrationRepository->getRan()
#8 D:/Kuliah/PDC 2/website3/aquamonitor/aquamonitor/backend/vendor/laravel/framework/src/Illuminate/Database/Console/Migrations/MigrateCommand.php(153): Illuminate/Database/Migrations/Migrator->hasRunAnyMigrations()
#9 D:/Kuliah/PDC 2/website3/aquamonitor/aquamonitor/backend/vendor/laravel/framework/src/Illuminate/Database/Console/Migrations/MigrateCommand.php(111): Illuminate/Database/Console/Migrations/MigrateCommand->prepareDatabase()
#10 D:/Kuliah/PDC 2/website3/aquamonitor/aquamonitor/backend/vendor/laravel/framework/src/Illuminate/Database/Migrations/Migrator.php(658): Illuminate/Database/Console/Migrations/MigrateCommand->Illuminate/Database/Console/Migrations/{closure}()
#11 D:/Kuliah/PDC 2/website3/aquamonitor/aquamonitor/backend/vendor/laravel/framework/src/Illuminate/Database/Console/Migrations/MigrateCommand.php(110): Illuminate/Database/Migrations/Migrator->usingConnection(NULL, Object(Closure))
#12 D:/Kuliah/PDC 2/website3/aquamonitor/aquamonitor/backend/vendor/laravel/framework/src/Illuminate/Database/Console/Migrations/MigrateCommand.php(89): Illuminate/Database/Console/Migrations/MigrateCommand->runMigrations()
#13 D:/Kuliah/PDC 2/website3/aquamonitor/aquamonitor/backend/vendor/laravel/framework/src/Illuminate/Container/BoundMethod.php(36): Illuminate/Database/Console/Migrations/MigrateCommand->handle()
#14 D:/Kuliah/PDC 2/website3/aquamonitor/aquamonitor/backend/vendor/laravel/framework/src/Illuminate/Container/Util.php(43): Illuminate/Container/BoundMethod::Illuminate/Container/{closure}()
#15 D:/Kuliah/PDC 2/website3/aquamonitor/aquamonitor/backend/vendor/laravel/framework/src/Illuminate/Container/BoundMethod.php(95): Illuminate/Container/Util::unwrapIfClosure(Object(Closure))
#16 D:/Kuliah/PDC 2/website3/aquamonitor/aquamonitor/backend/vendor/laravel/framework/src/Illuminate/Container/BoundMethod.php(35): Illuminate/Container/BoundMethod::callBoundMethod(Object(Illuminate/Foundation/Application), Array, Object(Closure))
#17 D:/Kuliah/PDC 2/website3/aquamonitor/aquamonitor/backend/vendor/laravel/framework/src/Illuminate/Container/Container.php(696): Illuminate/Container/BoundMethod::call(Object(Illuminate/Foundation/Application), Array, Array, NULL)
#18 D:/Kuliah/PDC 2/website3/aquamonitor/aquamonitor/backend/vendor/laravel/framework/src/Illuminate/Console/Command.php(213): Illuminate/Container/Container->call(Array)
#19 D:/Kuliah/PDC 2/website3/aquamonitor/aquamonitor/backend/vendor/symfony/console/Command/Command.php(341): Illuminate/Console/Command->execute(Object(Symfony/Component/Console/Input/ArgvInput), Object(Illuminate/Console/OutputStyle))
#20 D:/Kuliah/PDC 2/website3/aquamonitor/aquamonitor/backend/vendor/laravel/framework/src/Illuminate/Console/Command.php(182): Symfony/Component/Console/Command/Command->run(Object(Symfony/Component/Console/Input/ArgvInput), Object(Illuminate/Console/OutputStyle))
#21 D:/Kuliah/PDC 2/website3/aquamonitor/aquamonitor/backend/vendor/symfony/console/Application.php(1117): Illuminate/Console/Command->run(Object(Symfony/Component/Console/Input/ArgvInput), Object(Symfony/Component/Console/Output/ConsoleOutput))
#22 D:/Kuliah/PDC 2/website3/aquamonitor/aquamonitor/backend/vendor/symfony/console/Application.php(356): Symfony/Component/Console/Application->doRunCommand(Object(Illuminate/Database/Console/Migrations/MigrateCommand), Object(Symfony/Component/Console/Input/ArgvInput), Object(Symfony/Component/Console/Output/ConsoleOutput))
#23 D:/Kuliah/PDC 2/website3/aquamonitor/aquamonitor/backend/vendor/symfony/console/Application.php(195): Symfony/Component/Console/Application->doRun(Object(Symfony/Component/Console/Input/ArgvInput), Object(Symfony/Component/Console/Output/ConsoleOutput))
#24 D:/Kuliah/PDC 2/website3/aquamonitor/aquamonitor/backend/vendor/laravel/framework/src/Illuminate/Foundation/Console/Kernel.php(198): Symfony/Component/Console/Application->run(Object(Symfony/Component/Console/Input/ArgvInput), Object(Symfony/Component/Console/Output/ConsoleOutput))
#25 D:/Kuliah/PDC 2/website3/aquamonitor/aquamonitor/backend/vendor/laravel/framework/src/Illuminate/Foundation/Application.php(1235): Illuminate/Foundation/Console/Kernel->handle(Object(Symfony/Component/Console/Input/ArgvInput), Object(Symfony/Component/Console/Output/ConsoleOutput))
#26 D:/Kuliah/PDC 2/website3/aquamonitor/aquamonitor/backend/artisan(9): Illuminate/Foundation/Application->handleCommand(Object(Symfony/Component/Console/Input/ArgvInput))
#27 {main}

[previous exception] [object] (PDOException(code: 42S02): SQLSTATE[42S02]: Base table or view not found: 1932 Table 'aquamonitor.migrations' doesn't exist in engine at D:/Kuliah/PDC 2/website3/aquamonitor/aquamonitor/backend/vendor/laravel/framework/src/Illuminate/Database/Connection.php:407)
[stacktrace]
#0 D:/Kuliah/PDC 2/website3/aquamonitor/aquamonitor/backend/vendor/laravel/framework/src/Illuminate/Database/Connection.php(407): PDO->prepare('select `migrati...')
#1 D:/Kuliah/PDC 2/website3/aquamonitor/aquamonitor/backend/vendor/laravel/framework/src/Illuminate/Database/Connection.php(812): Illuminate/Database/Connection->Illuminate/Database/{closure}('select `migrati...', Array)
#2 D:/Kuliah/PDC 2/website3/aquamonitor/aquamonitor/backend/vendor/laravel/framework/src/Illuminate/Database/Connection.php(779): Illuminate/Database/Connection->runQueryCallback('select `migrati...', Array, Object(Closure))
#3 D:/Kuliah/PDC 2/website3/aquamonitor/aquamonitor/backend/vendor/laravel/framework/src/Illuminate/Database/Connection.php(398): Illuminate/Database/Connection->run('select `migrati...', Array, Object(Closure))
#4 D:/Kuliah/PDC 2/website3/aquamonitor/aquamonitor/backend/vendor/laravel/framework/src/Illuminate/Database/Query/Builder.php(3106): Illuminate/Database/Connection->select('select `migrati...', Array, false)
#5 D:/Kuliah/PDC 2/website3/aquamonitor/aquamonitor/backend/vendor/laravel/framework/src/Illuminate/Database/Query/Builder.php(3362): Illuminate/Database/Query/Builder->runSelect()
#6 D:/Kuliah/PDC 2/website3/aquamonitor/aquamonitor/backend/vendor/laravel/framework/src/Illuminate/Database/Query/Builder.php(3676): Illuminate/Database/Query/Builder->Illuminate/Database/Query/{closure}()
#7 D:/Kuliah/PDC 2/website3/aquamonitor/aquamonitor/backend/vendor/laravel/framework/src/Illuminate/Database/Query/Builder.php(3358): Illuminate/Database/Query/Builder->onceWithColumns(Array, Object(Closure))
#8 D:/Kuliah/PDC 2/website3/aquamonitor/aquamonitor/backend/vendor/laravel/framework/src/Illuminate/Database/Migrations/DatabaseMigrationRepository.php(53): Illuminate/Database/Query/Builder->pluck('migration')
#9 D:/Kuliah/PDC 2/website3/aquamonitor/aquamonitor/backend/vendor/laravel/framework/src/Illuminate/Database/Migrations/Migrator.php(752): Illuminate/Database/Migrations/DatabaseMigrationRepository->getRan()
#10 D:/Kuliah/PDC 2/website3/aquamonitor/aquamonitor/backend/vendor/laravel/framework/src/Illuminate/Database/Console/Migrations/MigrateCommand.php(153): Illuminate/Database/Migrations/Migrator->hasRunAnyMigrations()
#11 D:/Kuliah/PDC 2/website3/aquamonitor/aquamonitor/backend/vendor/laravel/framework/src/Illuminate/Database/Console/Migrations/MigrateCommand.php(111): Illuminate/Database/Console/Migrations/MigrateCommand->prepareDatabase()
#12 D:/Kuliah/PDC 2/website3/aquamonitor/aquamonitor/backend/vendor/laravel/framework/src/Illuminate/Database/Migrations/Migrator.php(658): Illuminate/Database/Console/Migrations/MigrateCommand->Illuminate/Database/Console/Migrations/{closure}()
#13 D:/Kuliah/PDC 2/website3/aquamonitor/aquamonitor/backend/vendor/laravel/framework/src/Illuminate/Database/Console/Migrations/MigrateCommand.php(110): Illuminate/Database/Migrations/Migrator->usingConnection(NULL, Object(Closure))
#14 D:/Kuliah/PDC 2/website3/aquamonitor/aquamonitor/backend/vendor/laravel/framework/src/Illuminate/Database/Console/Migrations/MigrateCommand.php(89): Illuminate/Database/Console/Migrations/MigrateCommand->runMigrations()
#15 D:/Kuliah/PDC 2/website3/aquamonitor/aquamonitor/backend/vendor/laravel/framework/src/Illuminate/Container/BoundMethod.php(36): Illuminate/Database/Console/Migrations/MigrateCommand->handle()
#16 D:/Kuliah/PDC 2/website3/aquamonitor/aquamonitor/backend/vendor/laravel/framework/src/Illuminate/Container/Util.php(43): Illuminate/Container/BoundMethod::Illuminate/Container/{closure}()
#17 D:/Kuliah/PDC 2/website3/aquamonitor/aquamonitor/backend/vendor/laravel/framework/src/Illuminate/Container/BoundMethod.php(95): Illuminate/Container/Util::unwrapIfClosure(Object(Closure))
#18 D:/Kuliah/PDC 2/website3/aquamonitor/aquamonitor/backend/vendor/laravel/framework/src/Illuminate/Container/BoundMethod.php(35): Illuminate/Container/BoundMethod::callBoundMethod(Object(Illuminate/Foundation/Application), Array, Object(Closure))
#19 D:/Kuliah/PDC 2/website3/aquamonitor/aquamonitor/backend/vendor/laravel/framework/src/Illuminate/Container/Container.php(696): Illuminate/Container/BoundMethod::call(Object(Illuminate/Foundation/Application), Array, Array, NULL)
#20 D:/Kuliah/PDC 2/website3/aquamonitor/aquamonitor/backend/vendor/laravel/framework/src/Illuminate/Console/Command.php(213): Illuminate/Container/Container->call(Array)
#21 D:/Kuliah/PDC 2/website3/aquamonitor/aquamonitor/backend/vendor/symfony/console/Command/Command.php(341): Illuminate/Console/Command->execute(Object(Symfony/Component/Console/Input/ArgvInput), Object(Illuminate/Console/OutputStyle))
#22 D:/Kuliah/PDC 2/website3/aquamonitor/aquamonitor/backend/vendor/laravel/framework/src/Illuminate/Console/Command.php(182): Symfony/Component/Console/Command/Command->run(Object(Symfony/Component/Console/Input/ArgvInput), Object(Illuminate/Console/OutputStyle))
#23 D:/Kuliah/PDC 2/website3/aquamonitor/aquamonitor/backend/vendor/symfony/console/Application.php(1117): Illuminate/Console/Command->run(Object(Symfony/Component/Console/Input/ArgvInput), Object(Symfony/Component/Console/Output/ConsoleOutput))
#24 D:/Kuliah/PDC 2/website3/aquamonitor/aquamonitor/backend/vendor/symfony/console/Application.php(356): Symfony/Component/Console/Application->doRunCommand(Object(Illuminate/Database/Console/Migrations/MigrateCommand), Object(Symfony/Component/Console/Input/ArgvInput), Object(Symfony/Component/Console/Output/ConsoleOutput))
#25 D:/Kuliah/PDC 2/website3/aquamonitor/aquamonitor/backend/vendor/symfony/console/Application.php(195): Symfony/Component/Console/Application->doRun(Object(Symfony/Component/Console/Input/ArgvInput), Object(Symfony/Component/Console/Output/ConsoleOutput))
#26 D:/Kuliah/PDC 2/website3/aquamonitor/aquamonitor/backend/vendor/laravel/framework/src/Illuminate/Foundation/Console/Kernel.php(198): Symfony/Component/Console/Application->run(Object(Symfony/Component/Console/Input/ArgvInput), Object(Symfony/Component/Console/Output/ConsoleOutput))
#27 D:/Kuliah/PDC 2/website3/aquamonitor/aquamonitor/backend/vendor/laravel/framework/src/Illuminate/Foundation/Application.php(1235): Illuminate/Foundation/Console/Kernel->handle(Object(Symfony/Component/Console/Input/ArgvInput), Object(Symfony/Component/Console/Output/ConsoleOutput))
#28 D:/Kuliah/PDC 2/website3/aquamonitor/aquamonitor/backend/artisan(9): Illuminate/Foundation/Application->handleCommand(Object(Symfony/Component/Console/Input/ArgvInput))
#29 {main}
"} 
[2026-05-16 16:37:43] local.ERROR: SQLSTATE[HY000]: General error: 1813 Tablespace for table '`aquamonitor`.`migrations`' exists. Please DISCARD the tablespace before IMPORT (Connection: mysql, SQL: create table `migrations` (`id` int unsigned not null auto_increment primary key, `migration` varchar(255) not null, `batch` int not null) default character set utf8mb4 collate 'utf8mb4_unicode_ci') {"exception":"[object] (Illuminate\\Database\\QueryException(code: HY000): SQLSTATE[HY000]: General error: 1813 Tablespace for table '`aquamonitor`.`migrations`' exists. Please DISCARD the tablespace before IMPORT (Connection: mysql, SQL: create table `migrations` (`id` int unsigned not null auto_increment primary key, `migration` varchar(255) not null, `batch` int not null) default character set utf8mb4 collate 'utf8mb4_unicode_ci') at D:/Kuliah/PDC 2/website3/aquamonitor/aquamonitor/backend/vendor/laravel/framework/src/Illuminate/Database/Connection.php:825)
[stacktrace]
#0 D:/Kuliah/PDC 2/website3/aquamonitor/aquamonitor/backend/vendor/laravel/framework/src/Illuminate/Database/Connection.php(779): Illuminate/Database/Connection->runQueryCallback('create table `m...', Array, Object(Closure))
#1 D:/Kuliah/PDC 2/website3/aquamonitor/aquamonitor/backend/vendor/laravel/framework/src/Illuminate/Database/Connection.php(560): Illuminate/Database/Connection->run('create table `m...', Array, Object(Closure))
#2 D:/Kuliah/PDC 2/website3/aquamonitor/aquamonitor/backend/vendor/laravel/framework/src/Illuminate/Database/Schema/Blueprint.php(118): Illuminate/Database/Connection->statement('create table `m...')
#3 D:/Kuliah/PDC 2/website3/aquamonitor/aquamonitor/backend/vendor/laravel/framework/src/Illuminate/Database/Schema/Builder.php(564): Illuminate/Database/Schema/Blueprint->build(Object(Illuminate/Database/MySqlConnection), Object(Illuminate/Database/Schema/Grammars/MySqlGrammar))
#4 D:/Kuliah/PDC 2/website3/aquamonitor/aquamonitor/backend/vendor/laravel/framework/src/Illuminate/Database/Schema/Builder.php(418): Illuminate/Database/Schema/Builder->build(Object(Illuminate/Database/Schema/Blueprint))
#5 D:/Kuliah/PDC 2/website3/aquamonitor/aquamonitor/backend/vendor/laravel/framework/src/Illuminate/Database/Migrations/DatabaseMigrationRepository.php(165): Illuminate/Database/Schema/Builder->create('migrations', Object(Closure))
#6 D:/Kuliah/PDC 2/website3/aquamonitor/aquamonitor/backend/vendor/laravel/framework/src/Illuminate/Database/Console/Migrations/InstallCommand.php(56): Illuminate/Database/Migrations/DatabaseMigrationRepository->createRepository()
#7 D:/Kuliah/PDC 2/website3/aquamonitor/aquamonitor/backend/vendor/laravel/framework/src/Illuminate/Container/BoundMethod.php(36): Illuminate/Database/Console/Migrations/InstallCommand->handle()
#8 D:/Kuliah/PDC 2/website3/aquamonitor/aquamonitor/backend/vendor/laravel/framework/src/Illuminate/Container/Util.php(43): Illuminate/Container/BoundMethod::Illuminate/Container/{closure}()
#9 D:/Kuliah/PDC 2/website3/aquamonitor/aquamonitor/backend/vendor/laravel/framework/src/Illuminate/Container/BoundMethod.php(95): Illuminate/Container/Util::unwrapIfClosure(Object(Closure))
#10 D:/Kuliah/PDC 2/website3/aquamonitor/aquamonitor/backend/vendor/laravel/framework/src/Illuminate/Container/BoundMethod.php(35): Illuminate/Container/BoundMethod::callBoundMethod(Object(Illuminate/Foundation/Application), Array, Object(Closure))
#11 D:/Kuliah/PDC 2/website3/aquamonitor/aquamonitor/backend/vendor/laravel/framework/src/Illuminate/Container/Container.php(696): Illuminate/Container/BoundMethod::call(Object(Illuminate/Foundation/Application), Array, Array, NULL)
#12 D:/Kuliah/PDC 2/website3/aquamonitor/aquamonitor/backend/vendor/laravel/framework/src/Illuminate/Console/Command.php(213): Illuminate/Container/Container->call(Array)
#13 D:/Kuliah/PDC 2/website3/aquamonitor/aquamonitor/backend/vendor/symfony/console/Command/Command.php(341): Illuminate/Console/Command->execute(Object(Symfony/Component/Console/Input/ArrayInput), Object(Illuminate/Console/OutputStyle))
#14 D:/Kuliah/PDC 2/website3/aquamonitor/aquamonitor/backend/vendor/laravel/framework/src/Illuminate/Console/Command.php(182): Symfony/Component/Console/Command/Command->run(Object(Symfony/Component/Console/Input/ArrayInput), Object(Illuminate/Console/OutputStyle))
#15 D:/Kuliah/PDC 2/website3/aquamonitor/aquamonitor/backend/vendor/laravel/framework/src/Illuminate/Console/Concerns/CallsCommands.php(68): Illuminate/Console/Command->run(Object(Symfony/Component/Console/Input/ArrayInput), Object(Symfony/Component/Console/Output/NullOutput))
#16 D:/Kuliah/PDC 2/website3/aquamonitor/aquamonitor/backend/vendor/laravel/framework/src/Illuminate/Console/Concerns/CallsCommands.php(41): Illuminate/Console/Command->runCommand('migrate:install', Array, Object(Symfony/Component/Console/Output/NullOutput))
#17 D:/Kuliah/PDC 2/website3/aquamonitor/aquamonitor/backend/vendor/laravel/framework/src/Illuminate/Database/Console/Migrations/MigrateCommand.php(145): Illuminate/Console/Command->callSilent('migrate:install', Array)
#18 D:/Kuliah/PDC 2/website3/aquamonitor/aquamonitor/backend/vendor/laravel/framework/src/Illuminate/Console/View/Components/Task.php(40): Illuminate/Database/Console/Migrations/MigrateCommand->Illuminate/Database/Console/Migrations/{closure}()
#19 D:/Kuliah/PDC 2/website3/aquamonitor/aquamonitor/backend/vendor/laravel/framework/src/Illuminate/Console/View/Components/Factory.php(60): Illuminate/Console/View/Components/Task->render('Creating migrat...', Object(Closure))
#20 D:/Kuliah/PDC 2/website3/aquamonitor/aquamonitor/backend/vendor/laravel/framework/src/Illuminate/Database/Console/Migrations/MigrateCommand.php(144): Illuminate/Console/View/Components/Factory->__call('task', Array)
#21 D:/Kuliah/PDC 2/website3/aquamonitor/aquamonitor/backend/vendor/laravel/framework/src/Illuminate/Database/Console/Migrations/MigrateCommand.php(111): Illuminate/Database/Console/Migrations/MigrateCommand->prepareDatabase()
#22 D:/Kuliah/PDC 2/website3/aquamonitor/aquamonitor/backend/vendor/laravel/framework/src/Illuminate/Database/Migrations/Migrator.php(658): Illuminate/Database/Console/Migrations/MigrateCommand->Illuminate/Database/Console/Migrations/{closure}()
#23 D:/Kuliah/PDC 2/website3/aquamonitor/aquamonitor/backend/vendor/laravel/framework/src/Illuminate/Database/Console/Migrations/MigrateCommand.php(110): Illuminate/Database/Migrations/Migrator->usingConnection(NULL, Object(Closure))
#24 D:/Kuliah/PDC 2/website3/aquamonitor/aquamonitor/backend/vendor/laravel/framework/src/Illuminate/Database/Console/Migrations/MigrateCommand.php(89): Illuminate/Database/Console/Migrations/MigrateCommand->runMigrations()
#25 D:/Kuliah/PDC 2/website3/aquamonitor/aquamonitor/backend/vendor/laravel/framework/src/Illuminate/Container/BoundMethod.php(36): Illuminate/Database/Console/Migrations/MigrateCommand->handle()
#26 D:/Kuliah/PDC 2/website3/aquamonitor/aquamonitor/backend/vendor/laravel/framework/src/Illuminate/Container/Util.php(43): Illuminate/Container/BoundMethod::Illuminate/Container/{closure}()
#27 D:/Kuliah/PDC 2/website3/aquamonitor/aquamonitor/backend/vendor/laravel/framework/src/Illuminate/Container/BoundMethod.php(95): Illuminate/Container/Util::unwrapIfClosure(Object(Closure))
#28 D:/Kuliah/PDC 2/website3/aquamonitor/aquamonitor/backend/vendor/laravel/framework/src/Illuminate/Container/BoundMethod.php(35): Illuminate/Container/BoundMethod::callBoundMethod(Object(Illuminate/Foundation/Application), Array, Object(Closure))
#29 D:/Kuliah/PDC 2/website3/aquamonitor/aquamonitor/backend/vendor/laravel/framework/src/Illuminate/Container/Container.php(696): Illuminate/Container/BoundMethod::call(Object(Illuminate/Foundation/Application), Array, Array, NULL)
#30 D:/Kuliah/PDC 2/website3/aquamonitor/aquamonitor/backend/vendor/laravel/framework/src/Illuminate/Console/Command.php(213): Illuminate/Container/Container->call(Array)
#31 D:/Kuliah/PDC 2/website3/aquamonitor/aquamonitor/backend/vendor/symfony/console/Command/Command.php(341): Illuminate/Console/Command->execute(Object(Symfony/Component/Console/Input/ArrayInput), Object(Illuminate/Console/OutputStyle))
#32 D:/Kuliah/PDC 2/website3/aquamonitor/aquamonitor/backend/vendor/laravel/framework/src/Illuminate/Console/Command.php(182): Symfony/Component/Console/Command/Command->run(Object(Symfony/Component/Console/Input/ArrayInput), Object(Illuminate/Console/OutputStyle))
#33 D:/Kuliah/PDC 2/website3/aquamonitor/aquamonitor/backend/vendor/laravel/framework/src/Illuminate/Console/Concerns/CallsCommands.php(68): Illuminate/Console/Command->run(Object(Symfony/Component/Console/Input/ArrayInput), Object(Illuminate/Console/OutputStyle))
#34 D:/Kuliah/PDC 2/website3/aquamonitor/aquamonitor/backend/vendor/laravel/framework/src/Illuminate/Console/Concerns/CallsCommands.php(29): Illuminate/Console/Command->runCommand('migrate', Array, Object(Illuminate/Console/OutputStyle))
#35 D:/Kuliah/PDC 2/website3/aquamonitor/aquamonitor/backend/vendor/laravel/framework/src/Illuminate/Database/Console/Migrations/FreshCommand.php(82): Illuminate/Console/Command->call('migrate', Array)
#36 D:/Kuliah/PDC 2/website3/aquamonitor/aquamonitor/backend/vendor/laravel/framework/src/Illuminate/Container/BoundMethod.php(36): Illuminate/Database/Console/Migrations/FreshCommand->handle()
#37 D:/Kuliah/PDC 2/website3/aquamonitor/aquamonitor/backend/vendor/laravel/framework/src/Illuminate/Container/Util.php(43): Illuminate/Container/BoundMethod::Illuminate/Container/{closure}()
#38 D:/Kuliah/PDC 2/website3/aquamonitor/aquamonitor/backend/vendor/laravel/framework/src/Illuminate/Container/BoundMethod.php(95): Illuminate/Container/Util::unwrapIfClosure(Object(Closure))
#39 D:/Kuliah/PDC 2/website3/aquamonitor/aquamonitor/backend/vendor/laravel/framework/src/Illuminate/Container/BoundMethod.php(35): Illuminate/Container/BoundMethod::callBoundMethod(Object(Illuminate/Foundation/Application), Array, Object(Closure))
#40 D:/Kuliah/PDC 2/website3/aquamonitor/aquamonitor/backend/vendor/laravel/framework/src/Illuminate/Container/Container.php(696): Illuminate/Container/BoundMethod::call(Object(Illuminate/Foundation/Application), Array, Array, NULL)
#41 D:/Kuliah/PDC 2/website3/aquamonitor/aquamonitor/backend/vendor/laravel/framework/src/Illuminate/Console/Command.php(213): Illuminate/Container/Container->call(Array)
#42 D:/Kuliah/PDC 2/website3/aquamonitor/aquamonitor/backend/vendor/symfony/console/Command/Command.php(341): Illuminate/Console/Command->execute(Object(Symfony/Component/Console/Input/ArgvInput), Object(Illuminate/Console/OutputStyle))
#43 D:/Kuliah/PDC 2/website3/aquamonitor/aquamonitor/backend/vendor/laravel/framework/src/Illuminate/Console/Command.php(182): Symfony/Component/Console/Command/Command->run(Object(Symfony/Component/Console/Input/ArgvInput), Object(Illuminate/Console/OutputStyle))
#44 D:/Kuliah/PDC 2/website3/aquamonitor/aquamonitor/backend/vendor/symfony/console/Application.php(1117): Illuminate/Console/Command->run(Object(Symfony/Component/Console/Input/ArgvInput), Object(Symfony/Component/Console/Output/ConsoleOutput))
#45 D:/Kuliah/PDC 2/website3/aquamonitor/aquamonitor/backend/vendor/symfony/console/Application.php(356): Symfony/Component/Console/Application->doRunCommand(Object(Illuminate/Database/Console/Migrations/FreshCommand), Object(Symfony/Component/Console/Input/ArgvInput), Object(Symfony/Component/Console/Output/ConsoleOutput))
#46 D:/Kuliah/PDC 2/website3/aquamonitor/aquamonitor/backend/vendor/symfony/console/Application.php(195): Symfony/Component/Console/Application->doRun(Object(Symfony/Component/Console/Input/ArgvInput), Object(Symfony/Component/Console/Output/ConsoleOutput))
#47 D:/Kuliah/PDC 2/website3/aquamonitor/aquamonitor/backend/vendor/laravel/framework/src/Illuminate/Foundation/Console/Kernel.php(198): Symfony/Component/Console/Application->run(Object(Symfony/Component/Console/Input/ArgvInput), Object(Symfony/Component/Console/Output/ConsoleOutput))
#48 D:/Kuliah/PDC 2/website3/aquamonitor/aquamonitor/backend/vendor/laravel/framework/src/Illuminate/Foundation/Application.php(1235): Illuminate/Foundation/Console/Kernel->handle(Object(Symfony/Component/Console/Input/ArgvInput), Object(Symfony/Component/Console/Output/ConsoleOutput))
#49 D:/Kuliah/PDC 2/website3/aquamonitor/aquamonitor/backend/artisan(9): Illuminate/Foundation/Application->handleCommand(Object(Symfony/Component/Console/Input/ArgvInput))
#50 {main}

[previous exception] [object] (PDOException(code: HY000): SQLSTATE[HY000]: General error: 1813 Tablespace for table '`aquamonitor`.`migrations`' exists. Please DISCARD the tablespace before IMPORT at D:/Kuliah/PDC 2/website3/aquamonitor/aquamonitor/backend/vendor/laravel/framework/src/Illuminate/Database/Connection.php:571)
[stacktrace]
#0 D:/Kuliah/PDC 2/website3/aquamonitor/aquamonitor/backend/vendor/laravel/framework/src/Illuminate/Database/Connection.php(571): PDOStatement->execute()
#1 D:/Kuliah/PDC 2/website3/aquamonitor/aquamonitor/backend/vendor/laravel/framework/src/Illuminate/Database/Connection.php(812): Illuminate/Database/Connection->Illuminate/Database/{closure}('create table `m...', Array)
#2 D:/Kuliah/PDC 2/website3/aquamonitor/aquamonitor/backend/vendor/laravel/framework/src/Illuminate/Database/Connection.php(779): Illuminate/Database/Connection->runQueryCallback('create table `m...', Array, Object(Closure))
#3 D:/Kuliah/PDC 2/website3/aquamonitor/aquamonitor/backend/vendor/laravel/framework/src/Illuminate/Database/Connection.php(560): Illuminate/Database/Connection->run('create table `m...', Array, Object(Closure))
#4 D:/Kuliah/PDC 2/website3/aquamonitor/aquamonitor/backend/vendor/laravel/framework/src/Illuminate/Database/Schema/Blueprint.php(118): Illuminate/Database/Connection->statement('create table `m...')
#5 D:/Kuliah/PDC 2/website3/aquamonitor/aquamonitor/backend/vendor/laravel/framework/src/Illuminate/Database/Schema/Builder.php(564): Illuminate/Database/Schema/Blueprint->build(Object(Illuminate/Database/MySqlConnection), Object(Illuminate/Database/Schema/Grammars/MySqlGrammar))
#6 D:/Kuliah/PDC 2/website3/aquamonitor/aquamonitor/backend/vendor/laravel/framework/src/Illuminate/Database/Schema/Builder.php(418): Illuminate/Database/Schema/Builder->build(Object(Illuminate/Database/Schema/Blueprint))
#7 D:/Kuliah/PDC 2/website3/aquamonitor/aquamonitor/backend/vendor/laravel/framework/src/Illuminate/Database/Migrations/DatabaseMigrationRepository.php(165): Illuminate/Database/Schema/Builder->create('migrations', Object(Closure))
#8 D:/Kuliah/PDC 2/website3/aquamonitor/aquamonitor/backend/vendor/laravel/framework/src/Illuminate/Database/Console/Migrations/InstallCommand.php(56): Illuminate/Database/Migrations/DatabaseMigrationRepository->createRepository()
#9 D:/Kuliah/PDC 2/website3/aquamonitor/aquamonitor/backend/vendor/laravel/framework/src/Illuminate/Container/BoundMethod.php(36): Illuminate/Database/Console/Migrations/InstallCommand->handle()
#10 D:/Kuliah/PDC 2/website3/aquamonitor/aquamonitor/backend/vendor/laravel/framework/src/Illuminate/Container/Util.php(43): Illuminate/Container/BoundMethod::Illuminate/Container/{closure}()
#11 D:/Kuliah/PDC 2/website3/aquamonitor/aquamonitor/backend/vendor/laravel/framework/src/Illuminate/Container/BoundMethod.php(95): Illuminate/Container/Util::unwrapIfClosure(Object(Closure))
#12 D:/Kuliah/PDC 2/website3/aquamonitor/aquamonitor/backend/vendor/laravel/framework/src/Illuminate/Container/BoundMethod.php(35): Illuminate/Container/BoundMethod::callBoundMethod(Object(Illuminate/Foundation/Application), Array, Object(Closure))
#13 D:/Kuliah/PDC 2/website3/aquamonitor/aquamonitor/backend/vendor/laravel/framework/src/Illuminate/Container/Container.php(696): Illuminate/Container/BoundMethod::call(Object(Illuminate/Foundation/Application), Array, Array, NULL)
#14 D:/Kuliah/PDC 2/website3/aquamonitor/aquamonitor/backend/vendor/laravel/framework/src/Illuminate/Console/Command.php(213): Illuminate/Container/Container->call(Array)
#15 D:/Kuliah/PDC 2/website3/aquamonitor/aquamonitor/backend/vendor/symfony/console/Command/Command.php(341): Illuminate/Console/Command->execute(Object(Symfony/Component/Console/Input/ArrayInput), Object(Illuminate/Console/OutputStyle))
#16 D:/Kuliah/PDC 2/website3/aquamonitor/aquamonitor/backend/vendor/laravel/framework/src/Illuminate/Console/Command.php(182): Symfony/Component/Console/Command/Command->run(Object(Symfony/Component/Console/Input/ArrayInput), Object(Illuminate/Console/OutputStyle))
#17 D:/Kuliah/PDC 2/website3/aquamonitor/aquamonitor/backend/vendor/laravel/framework/src/Illuminate/Console/Concerns/CallsCommands.php(68): Illuminate/Console/Command->run(Object(Symfony/Component/Console/Input/ArrayInput), Object(Symfony/Component/Console/Output/NullOutput))
#18 D:/Kuliah/PDC 2/website3/aquamonitor/aquamonitor/backend/vendor/laravel/framework/src/Illuminate/Console/Concerns/CallsCommands.php(41): Illuminate/Console/Command->runCommand('migrate:install', Array, Object(Symfony/Component/Console/Output/NullOutput))
#19 D:/Kuliah/PDC 2/website3/aquamonitor/aquamonitor/backend/vendor/laravel/framework/src/Illuminate/Database/Console/Migrations/MigrateCommand.php(145): Illuminate/Console/Command->callSilent('migrate:install', Array)
#20 D:/Kuliah/PDC 2/website3/aquamonitor/aquamonitor/backend/vendor/laravel/framework/src/Illuminate/Console/View/Components/Task.php(40): Illuminate/Database/Console/Migrations/MigrateCommand->Illuminate/Database/Console/Migrations/{closure}()
#21 D:/Kuliah/PDC 2/website3/aquamonitor/aquamonitor/backend/vendor/laravel/framework/src/Illuminate/Console/View/Components/Factory.php(60): Illuminate/Console/View/Components/Task->render('Creating migrat...', Object(Closure))
#22 D:/Kuliah/PDC 2/website3/aquamonitor/aquamonitor/backend/vendor/laravel/framework/src/Illuminate/Database/Console/Migrations/MigrateCommand.php(144): Illuminate/Console/View/Components/Factory->__call('task', Array)
#23 D:/Kuliah/PDC 2/website3/aquamonitor/aquamonitor/backend/vendor/laravel/framework/src/Illuminate/Database/Console/Migrations/MigrateCommand.php(111): Illuminate/Database/Console/Migrations/MigrateCommand->prepareDatabase()
#24 D:/Kuliah/PDC 2/website3/aquamonitor/aquamonitor/backend/vendor/laravel/framework/src/Illuminate/Database/Migrations/Migrator.php(658): Illuminate/Database/Console/Migrations/MigrateCommand->Illuminate/Database/Console/Migrations/{closure}()
#25 D:/Kuliah/PDC 2/website3/aquamonitor/aquamonitor/backend/vendor/laravel/framework/src/Illuminate/Database/Console/Migrations/MigrateCommand.php(110): Illuminate/Database/Migrations/Migrator->usingConnection(NULL, Object(Closure))
#26 D:/Kuliah/PDC 2/website3/aquamonitor/aquamonitor/backend/vendor/laravel/framework/src/Illuminate/Database/Console/Migrations/MigrateCommand.php(89): Illuminate/Database/Console/Migrations/MigrateCommand->runMigrations()
#27 D:/Kuliah/PDC 2/website3/aquamonitor/aquamonitor/backend/vendor/laravel/framework/src/Illuminate/Container/BoundMethod.php(36): Illuminate/Database/Console/Migrations/MigrateCommand->handle()
#28 D:/Kuliah/PDC 2/website3/aquamonitor/aquamonitor/backend/vendor/laravel/framework/src/Illuminate/Container/Util.php(43): Illuminate/Container/BoundMethod::Illuminate/Container/{closure}()
#29 D:/Kuliah/PDC 2/website3/aquamonitor/aquamonitor/backend/vendor/laravel/framework/src/Illuminate/Container/BoundMethod.php(95): Illuminate/Container/Util::unwrapIfClosure(Object(Closure))
#30 D:/Kuliah/PDC 2/website3/aquamonitor/aquamonitor/backend/vendor/laravel/framework/src/Illuminate/Container/BoundMethod.php(35): Illuminate/Container/BoundMethod::callBoundMethod(Object(Illuminate/Foundation/Application), Array, Object(Closure))
#31 D:/Kuliah/PDC 2/website3/aquamonitor/aquamonitor/backend/vendor/laravel/framework/src/Illuminate/Container/Container.php(696): Illuminate/Container/BoundMethod::call(Object(Illuminate/Foundation/Application), Array, Array, NULL)
#32 D:/Kuliah/PDC 2/website3/aquamonitor/aquamonitor/backend/vendor/laravel/framework/src/Illuminate/Console/Command.php(213): Illuminate/Container/Container->call(Array)
#33 D:/Kuliah/PDC 2/website3/aquamonitor/aquamonitor/backend/vendor/symfony/console/Command/Command.php(341): Illuminate/Console/Command->execute(Object(Symfony/Component/Console/Input/ArrayInput), Object(Illuminate/Console/OutputStyle))
#34 D:/Kuliah/PDC 2/website3/aquamonitor/aquamonitor/backend/vendor/laravel/framework/src/Illuminate/Console/Command.php(182): Symfony/Component/Console/Command/Command->run(Object(Symfony/Component/Console/Input/ArrayInput), Object(Illuminate/Console/OutputStyle))
#35 D:/Kuliah/PDC 2/website3/aquamonitor/aquamonitor/backend/vendor/laravel/framework/src/Illuminate/Console/Concerns/CallsCommands.php(68): Illuminate/Console/Command->run(Object(Symfony/Component/Console/Input/ArrayInput), Object(Illuminate/Console/OutputStyle))
#36 D:/Kuliah/PDC 2/website3/aquamonitor/aquamonitor/backend/vendor/laravel/framework/src/Illuminate/Console/Concerns/CallsCommands.php(29): Illuminate/Console/Command->runCommand('migrate', Array, Object(Illuminate/Console/OutputStyle))
#37 D:/Kuliah/PDC 2/website3/aquamonitor/aquamonitor/backend/vendor/laravel/framework/src/Illuminate/Database/Console/Migrations/FreshCommand.php(82): Illuminate/Console/Command->call('migrate', Array)
#38 D:/Kuliah/PDC 2/website3/aquamonitor/aquamonitor/backend/vendor/laravel/framework/src/Illuminate/Container/BoundMethod.php(36): Illuminate/Database/Console/Migrations/FreshCommand->handle()
#39 D:/Kuliah/PDC 2/website3/aquamonitor/aquamonitor/backend/vendor/laravel/framework/src/Illuminate/Container/Util.php(43): Illuminate/Container/BoundMethod::Illuminate/Container/{closure}()
#40 D:/Kuliah/PDC 2/website3/aquamonitor/aquamonitor/backend/vendor/laravel/framework/src/Illuminate/Container/BoundMethod.php(95): Illuminate/Container/Util::unwrapIfClosure(Object(Closure))
#41 D:/Kuliah/PDC 2/website3/aquamonitor/aquamonitor/backend/vendor/laravel/framework/src/Illuminate/Container/BoundMethod.php(35): Illuminate/Container/BoundMethod::callBoundMethod(Object(Illuminate/Foundation/Application), Array, Object(Closure))
#42 D:/Kuliah/PDC 2/website3/aquamonitor/aquamonitor/backend/vendor/laravel/framework/src/Illuminate/Container/Container.php(696): Illuminate/Container/BoundMethod::call(Object(Illuminate/Foundation/Application), Array, Array, NULL)
#43 D:/Kuliah/PDC 2/website3/aquamonitor/aquamonitor/backend/vendor/laravel/framework/src/Illuminate/Console/Command.php(213): Illuminate/Container/Container->call(Array)
#44 D:/Kuliah/PDC 2/website3/aquamonitor/aquamonitor/backend/vendor/symfony/console/Command/Command.php(341): Illuminate/Console/Command->execute(Object(Symfony/Component/Console/Input/ArgvInput), Object(Illuminate/Console/OutputStyle))
#45 D:/Kuliah/PDC 2/website3/aquamonitor/aquamonitor/backend/vendor/laravel/framework/src/Illuminate/Console/Command.php(182): Symfony/Component/Console/Command/Command->run(Object(Symfony/Component/Console/Input/ArgvInput), Object(Illuminate/Console/OutputStyle))
#46 D:/Kuliah/PDC 2/website3/aquamonitor/aquamonitor/backend/vendor/symfony/console/Application.php(1117): Illuminate/Console/Command->run(Object(Symfony/Component/Console/Input/ArgvInput), Object(Symfony/Component/Console/Output/ConsoleOutput))
#47 D:/Kuliah/PDC 2/website3/aquamonitor/aquamonitor/backend/vendor/symfony/console/Application.php(356): Symfony/Component/Console/Application->doRunCommand(Object(Illuminate/Database/Console/Migrations/FreshCommand), Object(Symfony/Component/Console/Input/ArgvInput), Object(Symfony/Component/Console/Output/ConsoleOutput))
#48 D:/Kuliah/PDC 2/website3/aquamonitor/aquamonitor/backend/vendor/symfony/console/Application.php(195): Symfony/Component/Console/Application->doRun(Object(Symfony/Component/Console/Input/ArgvInput), Object(Symfony/Component/Console/Output/ConsoleOutput))
#49 D:/Kuliah/PDC 2/website3/aquamonitor/aquamonitor/backend/vendor/laravel/framework/src/Illuminate/Foundation/Console/Kernel.php(198): Symfony/Component/Console/Application->run(Object(Symfony/Component/Console/Input/ArgvInput), Object(Symfony/Component/Console/Output/ConsoleOutput))
#50 D:/Kuliah/PDC 2/website3/aquamonitor/aquamonitor/backend/vendor/laravel/framework/src/Illuminate/Foundation/Application.php(1235): Illuminate/Foundation/Console/Kernel->handle(Object(Symfony/Component/Console/Input/ArgvInput), Object(Symfony/Component/Console/Output/ConsoleOutput))
#51 D:/Kuliah/PDC 2/website3/aquamonitor/aquamonitor/backend/artisan(9): Illuminate/Foundation/Application->handleCommand(Object(Symfony/Component/Console/Input/ArgvInput))
#52 {main}
"} 
[2026-05-21 14:05:10] local.ERROR: Route [login] not defined. {"exception":"[object] (Symfony\\Component\\Routing\\Exception\\RouteNotFoundException(code: 0): Route [login] not defined. at D:/Kuliah/PDC 2/website3/aquamonitor/aquamonitor/backend/vendor/laravel/framework/src/Illuminate/Routing/UrlGenerator.php:517)
[stacktrace]
#0 D:/Kuliah/PDC 2/website3/aquamonitor/aquamonitor/backend/vendor/laravel/framework/src/Illuminate/Foundation/helpers.php(853): Illuminate/Routing/UrlGenerator->route('login', Array, true)
#1 D:/Kuliah/PDC 2/website3/aquamonitor/aquamonitor/backend/vendor/laravel/framework/src/Illuminate/Foundation/Configuration/ApplicationBuilder.php(278): route('login')
#2 [internal function]: Illuminate/Foundation/Configuration/ApplicationBuilder->Illuminate/Foundation/Configuration/{closure}(Object(Illuminate/Http/Request))
#3 D:/Kuliah/PDC 2/website3/aquamonitor/aquamonitor/backend/vendor/laravel/framework/src/Illuminate/Auth/Middleware/Authenticate.php(118): call_user_func(Object(Closure), Object(Illuminate/Http/Request))
#4 D:/Kuliah/PDC 2/website3/aquamonitor/aquamonitor/backend/vendor/laravel/framework/src/Illuminate/Auth/Middleware/Authenticate.php(105): Illuminate/Auth/Middleware/Authenticate->redirectTo(Object(Illuminate/Http/Request))
#5 D:/Kuliah/PDC 2/website3/aquamonitor/aquamonitor/backend/vendor/laravel/framework/src/Illuminate/Auth/Middleware/Authenticate.php(88): Illuminate/Auth/Middleware/Authenticate->unauthenticated(Object(Illuminate/Http/Request), Array)
#6 D:/Kuliah/PDC 2/website3/aquamonitor/aquamonitor/backend/vendor/laravel/framework/src/Illuminate/Auth/Middleware/Authenticate.php(62): Illuminate/Auth/Middleware/Authenticate->authenticate(Object(Illuminate/Http/Request), Array)
#7 D:/Kuliah/PDC 2/website3/aquamonitor/aquamonitor/backend/vendor/laravel/framework/src/Illuminate/Pipeline/Pipeline.php(209): Illuminate/Auth/Middleware/Authenticate->handle(Object(Illuminate/Http/Request), Object(Closure), 'sanctum')
#8 D:/Kuliah/PDC 2/website3/aquamonitor/aquamonitor/backend/vendor/laravel/sanctum/src/Http/Middleware/EnsureFrontendRequestsAreStateful.php(26): Illuminate/Pipeline/Pipeline->Illuminate/Pipeline/{closure}(Object(Illuminate/Http/Request))
#9 D:/Kuliah/PDC 2/website3/aquamonitor/aquamonitor/backend/vendor/laravel/framework/src/Illuminate/Pipeline/Pipeline.php(170): Laravel/Sanctum/Http/Middleware/EnsureFrontendRequestsAreStateful->Laravel/Sanctum/Http/Middleware/{closure}(Object(Illuminate/Http/Request))
#10 D:/Kuliah/PDC 2/website3/aquamonitor/aquamonitor/backend/vendor/laravel/framework/src/Illuminate/Pipeline/Pipeline.php(127): Illuminate/Pipeline/Pipeline->Illuminate/Pipeline/{closure}(Object(Illuminate/Http/Request))
#11 D:/Kuliah/PDC 2/website3/aquamonitor/aquamonitor/backend/vendor/laravel/sanctum/src/Http/Middleware/EnsureFrontendRequestsAreStateful.php(25): Illuminate/Pipeline/Pipeline->then(Object(Closure))
#12 D:/Kuliah/PDC 2/website3/aquamonitor/aquamonitor/backend/vendor/laravel/framework/src/Illuminate/Pipeline/Pipeline.php(209): Laravel/Sanctum/Http/Middleware/EnsureFrontendRequestsAreStateful->handle(Object(Illuminate/Http/Request), Object(Closure))
#13 D:/Kuliah/PDC 2/website3/aquamonitor/aquamonitor/backend/vendor/laravel/framework/src/Illuminate/Pipeline/Pipeline.php(127): Illuminate/Pipeline/Pipeline->Illuminate/Pipeline/{closure}(Object(Illuminate/Http/Request))
#14 D:/Kuliah/PDC 2/website3/aquamonitor/aquamonitor/backend/vendor/laravel/framework/src/Illuminate/Routing/Router.php(807): Illuminate/Pipeline/Pipeline->then(Object(Closure))
#15 D:/Kuliah/PDC 2/website3/aquamonitor/aquamonitor/backend/vendor/laravel/framework/src/Illuminate/Routing/Router.php(786): Illuminate/Routing/Router->runRouteWithinStack(Object(Illuminate/Routing/Route), Object(Illuminate/Http/Request))
#16 D:/Kuliah/PDC 2/website3/aquamonitor/aquamonitor/backend/vendor/laravel/framework/src/Illuminate/Routing/Router.php(750): Illuminate/Routing/Router->runRoute(Object(Illuminate/Http/Request), Object(Illuminate/Routing/Route))
#17 D:/Kuliah/PDC 2/website3/aquamonitor/aquamonitor/backend/vendor/laravel/framework/src/Illuminate/Routing/Router.php(739): Illuminate/Routing/Router->dispatchToRoute(Object(Illuminate/Http/Request))
#18 D:/Kuliah/PDC 2/website3/aquamonitor/aquamonitor/backend/vendor/laravel/framework/src/Illuminate/Foundation/Http/Kernel.php(201): Illuminate/Routing/Router->dispatch(Object(Illuminate/Http/Request))
#19 D:/Kuliah/PDC 2/website3/aquamonitor/aquamonitor/backend/vendor/laravel/framework/src/Illuminate/Pipeline/Pipeline.php(170): Illuminate/Foundation/Http/Kernel->Illuminate/Foundation/Http/{closure}(Object(Illuminate/Http/Request))
#20 D:/Kuliah/PDC 2/website3/aquamonitor/aquamonitor/backend/vendor/laravel/framework/src/Illuminate/Foundation/Http/Middleware/TransformsRequest.php(21): Illuminate/Pipeline/Pipeline->Illuminate/Pipeline/{closure}(Object(Illuminate/Http/Request))
#21 D:/Kuliah/PDC 2/website3/aquamonitor/aquamonitor/backend/vendor/laravel/framework/src/Illuminate/Foundation/Http/Middleware/ConvertEmptyStringsToNull.php(31): Illuminate/Foundation/Http/Middleware/TransformsRequest->handle(Object(Illuminate/Http/Request), Object(Closure))
#22 D:/Kuliah/PDC 2/website3/aquamonitor/aquamonitor/backend/vendor/laravel/framework/src/Illuminate/Pipeline/Pipeline.php(209): Illuminate/Foundation/Http/Middleware/ConvertEmptyStringsToNull->handle(Object(Illuminate/Http/Request), Object(Closure))
#23 D:/Kuliah/PDC 2/website3/aquamonitor/aquamonitor/backend/vendor/laravel/framework/src/Illuminate/Foundation/Http/Middleware/TransformsRequest.php(21): Illuminate/Pipeline/Pipeline->Illuminate/Pipeline/{closure}(Object(Illuminate/Http/Request))
#24 D:/Kuliah/PDC 2/website3/aquamonitor/aquamonitor/backend/vendor/laravel/framework/src/Illuminate/Foundation/Http/Middleware/TrimStrings.php(51): Illuminate/Foundation/Http/Middleware/TransformsRequest->handle(Object(Illuminate/Http/Request), Object(Closure))
#25 D:/Kuliah/PDC 2/website3/aquamonitor/aquamonitor/backend/vendor/laravel/framework/src/Illuminate/Pipeline/Pipeline.php(209): Illuminate/Foundation/Http/Middleware/TrimStrings->handle(Object(Illuminate/Http/Request), Object(Closure))
#26 D:/Kuliah/PDC 2/website3/aquamonitor/aquamonitor/backend/vendor/laravel/framework/src/Illuminate/Http/Middleware/ValidatePostSize.php(27): Illuminate/Pipeline/Pipeline->Illuminate/Pipeline/{closure}(Object(Illuminate/Http/Request))
#27 D:/Kuliah/PDC 2/website3/aquamonitor/aquamonitor/backend/vendor/laravel/framework/src/Illuminate/Pipeline/Pipeline.php(209): Illuminate/Http/Middleware/ValidatePostSize->handle(Object(Illuminate/Http/Request), Object(Closure))
#28 D:/Kuliah/PDC 2/website3/aquamonitor/aquamonitor/backend/vendor/laravel/framework/src/Illuminate/Foundation/Http/Middleware/PreventRequestsDuringMaintenance.php(110): Illuminate/Pipeline/Pipeline->Illuminate/Pipeline/{closure}(Object(Illuminate/Http/Request))
#29 D:/Kuliah/PDC 2/website3/aquamonitor/aquamonitor/backend/vendor/laravel/framework/src/Illuminate/Pipeline/Pipeline.php(209): Illuminate/Foundation/Http/Middleware/PreventRequestsDuringMaintenance->handle(Object(Illuminate/Http/Request), Object(Closure))
#30 D:/Kuliah/PDC 2/website3/aquamonitor/aquamonitor/backend/vendor/laravel/framework/src/Illuminate/Http/Middleware/HandleCors.php(62): Illuminate/Pipeline/Pipeline->Illuminate/Pipeline/{closure}(Object(Illuminate/Http/Request))
#31 D:/Kuliah/PDC 2/website3/aquamonitor/aquamonitor/backend/vendor/laravel/framework/src/Illuminate/Pipeline/Pipeline.php(209): Illuminate/Http/Middleware/HandleCors->handle(Object(Illuminate/Http/Request), Object(Closure))
#32 D:/Kuliah/PDC 2/website3/aquamonitor/aquamonitor/backend/vendor/laravel/framework/src/Illuminate/Http/Middleware/TrustProxies.php(58): Illuminate/Pipeline/Pipeline->Illuminate/Pipeline/{closure}(Object(Illuminate/Http/Request))
#33 D:/Kuliah/PDC 2/website3/aquamonitor/aquamonitor/backend/vendor/laravel/framework/src/Illuminate/Pipeline/Pipeline.php(209): Illuminate/Http/Middleware/TrustProxies->handle(Object(Illuminate/Http/Request), Object(Closure))
#34 D:/Kuliah/PDC 2/website3/aquamonitor/aquamonitor/backend/vendor/laravel/framework/src/Illuminate/Foundation/Http/Middleware/InvokeDeferredCallbacks.php(22): Illuminate/Pipeline/Pipeline->Illuminate/Pipeline/{closure}(Object(Illuminate/Http/Request))
#35 D:/Kuliah/PDC 2/website3/aquamonitor/aquamonitor/backend/vendor/laravel/framework/src/Illuminate/Pipeline/Pipeline.php(209): Illuminate/Foundation/Http/Middleware/InvokeDeferredCallbacks->handle(Object(Illuminate/Http/Request), Object(Closure))
#36 D:/Kuliah/PDC 2/website3/aquamonitor/aquamonitor/backend/vendor/laravel/framework/src/Illuminate/Pipeline/Pipeline.php(127): Illuminate/Pipeline/Pipeline->Illuminate/Pipeline/{closure}(Object(Illuminate/Http/Request))
#37 D:/Kuliah/PDC 2/website3/aquamonitor/aquamonitor/backend/vendor/laravel/framework/src/Illuminate/Foundation/Http/Kernel.php(176): Illuminate/Pipeline/Pipeline->then(Object(Closure))
#38 D:/Kuliah/PDC 2/website3/aquamonitor/aquamonitor/backend/vendor/laravel/framework/src/Illuminate/Foundation/Http/Kernel.php(145): Illuminate/Foundation/Http/Kernel->sendRequestThroughRouter(Object(Illuminate/Http/Request))
#39 D:/Kuliah/PDC 2/website3/aquamonitor/aquamonitor/backend/public/index.php(13): Illuminate/Foundation/Http/Kernel->handle(Object(Illuminate/Http/Request))
#40 D:/Kuliah/PDC 2/website3/aquamonitor/aquamonitor/backend/vendor/laravel/framework/src/Illuminate/Foundation/resources/server.php(23): require_once('D://Kuliah//PDC 2...')
#41 {main}
"} 
[2026-05-21 14:05:21] local.ERROR: Route [login] not defined. {"exception":"[object] (Symfony\\Component\\Routing\\Exception\\RouteNotFoundException(code: 0): Route [login] not defined. at D:/Kuliah/PDC 2/website3/aquamonitor/aquamonitor/backend/vendor/laravel/framework/src/Illuminate/Routing/UrlGenerator.php:517)
[stacktrace]
#0 D:/Kuliah/PDC 2/website3/aquamonitor/aquamonitor/backend/vendor/laravel/framework/src/Illuminate/Foundation/helpers.php(853): Illuminate/Routing/UrlGenerator->route('login', Array, true)
#1 D:/Kuliah/PDC 2/website3/aquamonitor/aquamonitor/backend/vendor/laravel/framework/src/Illuminate/Foundation/Configuration/ApplicationBuilder.php(278): route('login')
#2 [internal function]: Illuminate/Foundation/Configuration/ApplicationBuilder->Illuminate/Foundation/Configuration/{closure}(Object(Illuminate/Http/Request))
#3 D:/Kuliah/PDC 2/website3/aquamonitor/aquamonitor/backend/vendor/laravel/framework/src/Illuminate/Auth/Middleware/Authenticate.php(118): call_user_func(Object(Closure), Object(Illuminate/Http/Request))
#4 D:/Kuliah/PDC 2/website3/aquamonitor/aquamonitor/backend/vendor/laravel/framework/src/Illuminate/Auth/Middleware/Authenticate.php(105): Illuminate/Auth/Middleware/Authenticate->redirectTo(Object(Illuminate/Http/Request))
#5 D:/Kuliah/PDC 2/website3/aquamonitor/aquamonitor/backend/vendor/laravel/framework/src/Illuminate/Auth/Middleware/Authenticate.php(88): Illuminate/Auth/Middleware/Authenticate->unauthenticated(Object(Illuminate/Http/Request), Array)
#6 D:/Kuliah/PDC 2/website3/aquamonitor/aquamonitor/backend/vendor/laravel/framework/src/Illuminate/Auth/Middleware/Authenticate.php(62): Illuminate/Auth/Middleware/Authenticate->authenticate(Object(Illuminate/Http/Request), Array)
#7 D:/Kuliah/PDC 2/website3/aquamonitor/aquamonitor/backend/vendor/laravel/framework/src/Illuminate/Pipeline/Pipeline.php(209): Illuminate/Auth/Middleware/Authenticate->handle(Object(Illuminate/Http/Request), Object(Closure), 'sanctum')
#8 D:/Kuliah/PDC 2/website3/aquamonitor/aquamonitor/backend/vendor/laravel/sanctum/src/Http/Middleware/EnsureFrontendRequestsAreStateful.php(26): Illuminate/Pipeline/Pipeline->Illuminate/Pipeline/{closure}(Object(Illuminate/Http/Request))
#9 D:/Kuliah/PDC 2/website3/aquamonitor/aquamonitor/backend/vendor/laravel/framework/src/Illuminate/Pipeline/Pipeline.php(170): Laravel/Sanctum/Http/Middleware/EnsureFrontendRequestsAreStateful->Laravel/Sanctum/Http/Middleware/{closure}(Object(Illuminate/Http/Request))
#10 D:/Kuliah/PDC 2/website3/aquamonitor/aquamonitor/backend/vendor/laravel/framework/src/Illuminate/Pipeline/Pipeline.php(127): Illuminate/Pipeline/Pipeline->Illuminate/Pipeline/{closure}(Object(Illuminate/Http/Request))
#11 D:/Kuliah/PDC 2/website3/aquamonitor/aquamonitor/backend/vendor/laravel/sanctum/src/Http/Middleware/EnsureFrontendRequestsAreStateful.php(25): Illuminate/Pipeline/Pipeline->then(Object(Closure))
#12 D:/Kuliah/PDC 2/website3/aquamonitor/aquamonitor/backend/vendor/laravel/framework/src/Illuminate/Pipeline/Pipeline.php(209): Laravel/Sanctum/Http/Middleware/EnsureFrontendRequestsAreStateful->handle(Object(Illuminate/Http/Request), Object(Closure))
#13 D:/Kuliah/PDC 2/website3/aquamonitor/aquamonitor/backend/vendor/laravel/framework/src/Illuminate/Pipeline/Pipeline.php(127): Illuminate/Pipeline/Pipeline->Illuminate/Pipeline/{closure}(Object(Illuminate/Http/Request))
#14 D:/Kuliah/PDC 2/website3/aquamonitor/aquamonitor/backend/vendor/laravel/framework/src/Illuminate/Routing/Router.php(807): Illuminate/Pipeline/Pipeline->then(Object(Closure))
#15 D:/Kuliah/PDC 2/website3/aquamonitor/aquamonitor/backend/vendor/laravel/framework/src/Illuminate/Routing/Router.php(786): Illuminate/Routing/Router->runRouteWithinStack(Object(Illuminate/Routing/Route), Object(Illuminate/Http/Request))
#16 D:/Kuliah/PDC 2/website3/aquamonitor/aquamonitor/backend/vendor/laravel/framework/src/Illuminate/Routing/Router.php(750): Illuminate/Routing/Router->runRoute(Object(Illuminate/Http/Request), Object(Illuminate/Routing/Route))
#17 D:/Kuliah/PDC 2/website3/aquamonitor/aquamonitor/backend/vendor/laravel/framework/src/Illuminate/Routing/Router.php(739): Illuminate/Routing/Router->dispatchToRoute(Object(Illuminate/Http/Request))
#18 D:/Kuliah/PDC 2/website3/aquamonitor/aquamonitor/backend/vendor/laravel/framework/src/Illuminate/Foundation/Http/Kernel.php(201): Illuminate/Routing/Router->dispatch(Object(Illuminate/Http/Request))
#19 D:/Kuliah/PDC 2/website3/aquamonitor/aquamonitor/backend/vendor/laravel/framework/src/Illuminate/Pipeline/Pipeline.php(170): Illuminate/Foundation/Http/Kernel->Illuminate/Foundation/Http/{closure}(Object(Illuminate/Http/Request))
#20 D:/Kuliah/PDC 2/website3/aquamonitor/aquamonitor/backend/vendor/laravel/framework/src/Illuminate/Foundation/Http/Middleware/TransformsRequest.php(21): Illuminate/Pipeline/Pipeline->Illuminate/Pipeline/{closure}(Object(Illuminate/Http/Request))
#21 D:/Kuliah/PDC 2/website3/aquamonitor/aquamonitor/backend/vendor/laravel/framework/src/Illuminate/Foundation/Http/Middleware/ConvertEmptyStringsToNull.php(31): Illuminate/Foundation/Http/Middleware/TransformsRequest->handle(Object(Illuminate/Http/Request), Object(Closure))
#22 D:/Kuliah/PDC 2/website3/aquamonitor/aquamonitor/backend/vendor/laravel/framework/src/Illuminate/Pipeline/Pipeline.php(209): Illuminate/Foundation/Http/Middleware/ConvertEmptyStringsToNull->handle(Object(Illuminate/Http/Request), Object(Closure))
#23 D:/Kuliah/PDC 2/website3/aquamonitor/aquamonitor/backend/vendor/laravel/framework/src/Illuminate/Foundation/Http/Middleware/TransformsRequest.php(21): Illuminate/Pipeline/Pipeline->Illuminate/Pipeline/{closure}(Object(Illuminate/Http/Request))
#24 D:/Kuliah/PDC 2/website3/aquamonitor/aquamonitor/backend/vendor/laravel/framework/src/Illuminate/Foundation/Http/Middleware/TrimStrings.php(51): Illuminate/Foundation/Http/Middleware/TransformsRequest->handle(Object(Illuminate/Http/Request), Object(Closure))
#25 D:/Kuliah/PDC 2/website3/aquamonitor/aquamonitor/backend/vendor/laravel/framework/src/Illuminate/Pipeline/Pipeline.php(209): Illuminate/Foundation/Http/Middleware/TrimStrings->handle(Object(Illuminate/Http/Request), Object(Closure))
#26 D:/Kuliah/PDC 2/website3/aquamonitor/aquamonitor/backend/vendor/laravel/framework/src/Illuminate/Http/Middleware/ValidatePostSize.php(27): Illuminate/Pipeline/Pipeline->Illuminate/Pipeline/{closure}(Object(Illuminate/Http/Request))
#27 D:/Kuliah/PDC 2/website3/aquamonitor/aquamonitor/backend/vendor/laravel/framework/src/Illuminate/Pipeline/Pipeline.php(209): Illuminate/Http/Middleware/ValidatePostSize->handle(Object(Illuminate/Http/Request), Object(Closure))
#28 D:/Kuliah/PDC 2/website3/aquamonitor/aquamonitor/backend/vendor/laravel/framework/src/Illuminate/Foundation/Http/Middleware/PreventRequestsDuringMaintenance.php(110): Illuminate/Pipeline/Pipeline->Illuminate/Pipeline/{closure}(Object(Illuminate/Http/Request))
#29 D:/Kuliah/PDC 2/website3/aquamonitor/aquamonitor/backend/vendor/laravel/framework/src/Illuminate/Pipeline/Pipeline.php(209): Illuminate/Foundation/Http/Middleware/PreventRequestsDuringMaintenance->handle(Object(Illuminate/Http/Request), Object(Closure))
#30 D:/Kuliah/PDC 2/website3/aquamonitor/aquamonitor/backend/vendor/laravel/framework/src/Illuminate/Http/Middleware/HandleCors.php(62): Illuminate/Pipeline/Pipeline->Illuminate/Pipeline/{closure}(Object(Illuminate/Http/Request))
#31 D:/Kuliah/PDC 2/website3/aquamonitor/aquamonitor/backend/vendor/laravel/framework/src/Illuminate/Pipeline/Pipeline.php(209): Illuminate/Http/Middleware/HandleCors->handle(Object(Illuminate/Http/Request), Object(Closure))
#32 D:/Kuliah/PDC 2/website3/aquamonitor/aquamonitor/backend/vendor/laravel/framework/src/Illuminate/Http/Middleware/TrustProxies.php(58): Illuminate/Pipeline/Pipeline->Illuminate/Pipeline/{closure}(Object(Illuminate/Http/Request))
#33 D:/Kuliah/PDC 2/website3/aquamonitor/aquamonitor/backend/vendor/laravel/framework/src/Illuminate/Pipeline/Pipeline.php(209): Illuminate/Http/Middleware/TrustProxies->handle(Object(Illuminate/Http/Request), Object(Closure))
#34 D:/Kuliah/PDC 2/website3/aquamonitor/aquamonitor/backend/vendor/laravel/framework/src/Illuminate/Foundation/Http/Middleware/InvokeDeferredCallbacks.php(22): Illuminate/Pipeline/Pipeline->Illuminate/Pipeline/{closure}(Object(Illuminate/Http/Request))
#35 D:/Kuliah/PDC 2/website3/aquamonitor/aquamonitor/backend/vendor/laravel/framework/src/Illuminate/Pipeline/Pipeline.php(209): Illuminate/Foundation/Http/Middleware/InvokeDeferredCallbacks->handle(Object(Illuminate/Http/Request), Object(Closure))
#36 D:/Kuliah/PDC 2/website3/aquamonitor/aquamonitor/backend/vendor/laravel/framework/src/Illuminate/Pipeline/Pipeline.php(127): Illuminate/Pipeline/Pipeline->Illuminate/Pipeline/{closure}(Object(Illuminate/Http/Request))
#37 D:/Kuliah/PDC 2/website3/aquamonitor/aquamonitor/backend/vendor/laravel/framework/src/Illuminate/Foundation/Http/Kernel.php(176): Illuminate/Pipeline/Pipeline->then(Object(Closure))
#38 D:/Kuliah/PDC 2/website3/aquamonitor/aquamonitor/backend/vendor/laravel/framework/src/Illuminate/Foundation/Http/Kernel.php(145): Illuminate/Foundation/Http/Kernel->sendRequestThroughRouter(Object(Illuminate/Http/Request))
#39 D:/Kuliah/PDC 2/website3/aquamonitor/aquamonitor/backend/public/index.php(13): Illuminate/Foundation/Http/Kernel->handle(Object(Illuminate/Http/Request))
#40 D:/Kuliah/PDC 2/website3/aquamonitor/aquamonitor/backend/vendor/laravel/framework/src/Illuminate/Foundation/resources/server.php(23): require_once('D://Kuliah//PDC 2...')
#41 {main}
"} 
